-- phpMyAdmin SQL Dump
-- version 5.2.0
-- https://www.phpmyadmin.net/
--
-- Host: 127.0.0.1
-- Generation Time: Mar 16, 2023 at 02:56 AM
-- Server version: 10.4.25-MariaDB
-- PHP Version: 8.1.10

SET SQL_MODE = "NO_AUTO_VALUE_ON_ZERO";
START TRANSACTION;
SET time_zone = "+00:00";


/*!40101 SET @OLD_CHARACTER_SET_CLIENT=@@CHARACTER_SET_CLIENT */;
/*!40101 SET @OLD_CHARACTER_SET_RESULTS=@@CHARACTER_SET_RESULTS */;
/*!40101 SET @OLD_COLLATION_CONNECTION=@@COLLATION_CONNECTION */;
/*!40101 SET NAMES utf8mb4 */;

--
-- Database: `skyland`
--

-- --------------------------------------------------------

--
-- Table structure for table `calls_chats`
--

CREATE TABLE `calls_chats` (
  `chat_id` int(20) NOT NULL,
  `user_id` int(20) NOT NULL,
  `call_type` int(5) NOT NULL,
  `time_created` datetime NOT NULL DEFAULT current_timestamp(),
  `call_length` int(5) NOT NULL DEFAULT 1
) ENGINE=InnoDB DEFAULT CHARSET=utf8mb4;

--
-- Dumping data for table `calls_chats`
--

INSERT INTO `calls_chats` (`chat_id`, `user_id`, `call_type`, `time_created`, `call_length`) VALUES
(11, 1, 7, '2023-03-06 07:57:21', 0),
(11, 1, 7, '2023-03-06 09:37:42', 0),
(1, 1, 7, '2023-03-06 18:36:51', 0),
(11, 1, 7, '2023-03-06 18:37:19', 0),
(11, 1, 7, '2023-03-06 18:38:59', 0),
(11, 1, 7, '2023-03-06 18:40:46', 0),
(11, 1, 7, '2023-03-06 19:10:10', 0),
(1, 1, 7, '2023-03-06 19:10:17', 0),
(25, 2, 6, '2023-03-07 13:27:26', 0),
(32, 2, 6, '2023-03-07 13:28:17', 0),
(31, 2, 6, '2023-03-07 13:32:10', 0),
(39, 10, 6, '2023-03-08 01:15:08', 0),
(1, 1, 7, '2023-03-08 01:25:51', 0),
(1, 1, 7, '2023-03-08 01:28:34', 0),
(11, 6, 7, '2023-03-08 07:18:29', 0),
(11, 6, 7, '2023-03-08 07:20:24', 0),
(11, 1, 7, '2023-03-08 07:21:26', 0),
(11, 1, 7, '2023-03-08 07:22:13', 0),
(11, 1, 7, '2023-03-08 07:23:53', 0),
(11, 1, 7, '2023-03-08 07:24:49', 0),
(11, 1, 7, '2023-03-08 07:25:40', 0),
(11, 1, 7, '2023-03-08 07:26:44', 0),
(11, 6, 7, '2023-03-08 07:27:26', 0),
(11, 1, 7, '2023-03-08 07:27:54', 0),
(11, 6, 7, '2023-03-08 07:41:52', 0),
(11, 6, 7, '2023-03-08 07:42:08', 0),
(11, 1, 7, '2023-03-08 07:42:13', 0),
(11, 1, 7, '2023-03-08 07:42:26', 0),
(11, 1, 7, '2023-03-08 07:43:12', 0),
(11, 6, 7, '2023-03-08 07:44:46', 0),
(11, 1, 7, '2023-03-08 08:02:52', 0),
(11, 1, 7, '2023-03-08 08:10:22', 0),
(11, 1, 7, '2023-03-08 08:10:44', 0),
(11, 1, 7, '2023-03-08 08:12:11', 0),
(11, 6, 7, '2023-03-08 08:14:00', 0),
(11, 1, 7, '2023-03-08 08:37:00', 1);

-- --------------------------------------------------------

--
-- Table structure for table `calls_groups`
--

CREATE TABLE `calls_groups` (
  `group_id` int(20) NOT NULL,
  `user_id` int(20) NOT NULL,
  `call_type` int(5) NOT NULL,
  `time_created` timestamp NOT NULL DEFAULT current_timestamp(),
  `call_length` int(5) NOT NULL DEFAULT 1
) ENGINE=InnoDB DEFAULT CHARSET=utf8mb4;

--
-- Dumping data for table `calls_groups`
--

INSERT INTO `calls_groups` (`group_id`, `user_id`, `call_type`, `time_created`, `call_length`) VALUES
(7, 4, 6, '0000-00-00 00:00:00', 0),
(3, 4, 7, '0000-00-00 00:00:00', 0),
(3, 4, 7, '0000-00-00 00:00:00', 0),
(6, 1, 7, '2023-02-05 17:23:33', 0),
(6, 1, 7, '2023-02-05 17:24:10', 0),
(2, 4, 7, '2023-02-05 17:32:42', 0),
(2, 4, 7, '2023-02-05 17:34:52', 0),
(2, 1, 7, '2023-02-05 17:35:32', 0),
(2, 5, 7, '2023-02-05 17:49:48', 0),
(1, 4, 7, '2023-02-05 17:51:23', 0),
(2, 1, 7, '2023-02-06 15:20:51', 0),
(2, 1, 7, '2023-02-06 15:23:32', 0),
(2, 1, 7, '2023-02-06 15:27:38', 0),
(2, 1, 7, '2023-02-06 15:30:40', 0),
(2, 1, 7, '2023-02-06 15:36:29', 0),
(2, 1, 7, '2023-02-06 15:40:06', 0),
(2, 4, 7, '2023-02-06 15:43:55', 0),
(2, 1, 7, '2023-02-06 15:47:44', 0),
(2, 1, 7, '2023-02-07 14:17:22', 0),
(2, 1, 7, '2023-02-07 14:19:21', 0),
(7, 1, 7, '2023-02-09 20:49:43', 0),
(3, 1, 6, '2023-03-05 08:58:07', 0),
(2, 1, 6, '2023-03-05 16:53:20', 0),
(2, 1, 6, '2023-03-06 09:45:21', 0),
(6, 1, 7, '2023-03-07 03:28:04', 0),
(6, 1, 7, '2023-03-08 03:05:13', 0),
(6, 1, 7, '2023-03-08 03:06:44', 1);

-- --------------------------------------------------------

--
-- Table structure for table `channels`
--

CREATE TABLE `channels` (
  `channel_id` int(20) NOT NULL,
  `channel_name` varchar(20) NOT NULL,
  `title` varchar(20) NOT NULL,
  `user_id` int(20) NOT NULL,
  `created_on` timestamp NOT NULL DEFAULT current_timestamp(),
  `extension` varchar(10) DEFAULT NULL
) ENGINE=InnoDB DEFAULT CHARSET=utf8mb4;

--
-- Dumping data for table `channels`
--

INSERT INTO `channels` (`channel_id`, `channel_name`, `title`, `user_id`, `created_on`, `extension`) VALUES
(1, 'drawing_arts', 'My Drawing Arts', 1, '2022-11-07 03:46:46', 'jpg'),
(2, 'ccc1100', 'ccc1100kjh', 4, '2022-12-12 17:47:54', 'jpg'),
(3, 'garden123', 'garden 123', 2, '2022-12-13 16:47:06', 'jpg'),
(4, 'channel_20', 'channel number 20', 1, '2022-12-14 12:56:45', 'jpg'),
(5, 'gh', 'gh', 1, '2022-12-14 13:04:13', 'jpg'),
(16, 'photography_5', 'wildlife photography', 5, '2022-12-24 05:04:02', NULL),
(19, 'life_is_bless', 'life is bless', 4, '2023-01-31 15:09:53', 'png'),
(22, 'bh', 'bh', 1, '2023-03-05 09:43:37', NULL),
(23, '14', '14', 1, '2023-03-05 09:51:06', NULL),
(24, 'bg', 'bg', 6, '2023-03-08 01:42:14', NULL);

-- --------------------------------------------------------

--
-- Table structure for table `channel_media`
--

CREATE TABLE `channel_media` (
  `channel_media_id` int(20) NOT NULL,
  `channel_id` int(20) NOT NULL,
  `user_id` int(20) NOT NULL,
  `media_type` int(5) NOT NULL,
  `text` varchar(200) NOT NULL,
  `time_sent` timestamp NOT NULL DEFAULT current_timestamp(),
  `likes` int(20) DEFAULT 0
) ENGINE=InnoDB DEFAULT CHARSET=utf8mb4;

--
-- Dumping data for table `channel_media`
--

INSERT INTO `channel_media` (`channel_media_id`, `channel_id`, `user_id`, `media_type`, `text`, `time_sent`, `likes`) VALUES
(1, 2, 4, 1, 'undefined', '2023-01-30 02:30:30', 0),
(2, 2, 4, 1, 'null', '2023-01-30 02:34:08', 0),
(3, 2, 4, 1, 'null', '2023-01-30 02:48:54', 0),
(4, 2, 4, 1, 'hello there !', '2023-01-30 02:54:22', 0),
(5, 2, 1, 1, 'hello there !', '2023-01-30 02:55:38', 0),
(6, 2, 4, 1, 'hello there !', '2023-01-30 03:01:26', 0),
(7, 2, 4, 1, 'hg', '2023-01-30 03:01:43', 0),
(8, 2, 4, 1, 'hello there !', '2023-01-30 03:02:11', 0),
(9, 2, 4, 1, 'adfa', '2023-01-30 03:02:17', 0),
(10, 2, 4, 1, 'sef', '2023-01-30 03:02:19', 0),
(12, 2, 1, 2, 'jpg', '2023-01-30 03:43:39', 0),
(13, 2, 1, 2, 'jpg', '2023-01-30 03:47:20', 0),
(14, 2, 1, 2, 'jpg', '2023-01-30 03:48:19', 0),
(15, 16, 5, 1, 'hello there !', '2023-01-30 18:03:38', 0),
(16, 16, 5, 1, 'iuhg', '2023-01-30 18:03:47', 0),
(17, 16, 5, 1, 'jkhi', '2023-01-31 18:03:51', 0),
(18, 2, 1, 1, 'hello there !', '2023-01-31 04:27:18', 0),
(19, 2, 1, 1, 'hello there ! uytgwruwb c8oweyhfbiuwebf c8wyegfbhwa wygrbhwaef bfeygbuygrbfv hb herbv fyu fdke fx', '2023-01-31 06:24:42', 0),
(20, 2, 1, 1, 'hello there !', '2023-01-31 13:15:11', 0),
(21, 2, 5, 1, 'hello there !', '2023-01-31 13:15:22', 0),
(22, 2, 4, 1, 'hello there !', '2023-01-31 13:20:07', 0),
(23, 2, 1, 1, 'hello there !jkvb vyhgvb ', '2023-01-31 13:20:16', 0),
(24, 2, 5, 1, 'hello there !', '2023-01-31 13:20:45', 0),
(25, 2, 5, 1, 'hello there !', '2023-01-31 13:27:58', 0),
(26, 2, 4, 1, 'hello there !', '2023-01-31 13:45:41', 0),
(27, 2, 4, 1, 'jkbv', '2023-01-31 13:45:47', 0),
(28, 2, 1, 1, 'hello there !jkvbh', '2023-01-31 13:46:29', 0),
(29, 2, 5, 1, 'hello there !', '2023-01-31 13:46:43', 0),
(30, 2, 4, 1, 'hello theregviuhb uygb uygb  !', '2023-01-31 21:49:15', 0),
(31, 2, 1, 1, 'hello there !hu', '2023-01-31 22:02:39', 0),
(32, 2, 1, 1, 'gv hv', '2023-01-31 22:02:42', 0),
(33, 19, 1, 1, 'hello there !', '2023-01-31 22:25:27', 0),
(34, 19, 4, 1, 'hello there !', '2023-01-31 22:25:29', 0),
(35, 19, 4, 1, 'mn ', '2023-01-31 22:25:59', 0),
(36, 3, 1, 1, 'hello there !', '2023-01-31 23:44:58', 0),
(43, 2, 1, 1, 'hello there !', '2023-02-01 13:26:29', 0),
(44, 2, 1, 1, 'hello therekgf !', '2023-02-04 11:31:35', 0),
(47, 2, 1, 1, 'hello there ! iowr iojhvf irfv', '2023-02-09 16:57:54', 0),
(48, 2, 1, 2, 'jpg', '2023-02-09 16:58:13', 0),
(49, 2, 1, 2, 'jpeg', '2023-02-09 16:58:13', 0),
(50, 2, 1, 1, '', '2023-02-09 20:58:13', 0),
(51, 2, 1, 1, 'have a nice day!', '2023-02-13 13:08:53', 0),
(52, 2, 1, 1, 'hello there !', '2023-02-14 02:42:58', 0),
(53, 2, 1, 1, 'hello there !', '2023-02-14 02:43:36', 0),
(54, 2, 1, 1, 'hello there !', '2023-02-14 02:45:44', 0),
(55, 1, 1, 1, 'hello there !', '2023-03-08 01:36:23', 0),
(56, 1, 6, 1, 'hello there !', '2023-03-08 01:37:23', 0),
(57, 1, 1, 1, 'hello there !', '2023-03-08 01:39:17', 0),
(58, 1, 6, 1, 'hello there !', '2023-03-08 01:39:21', 0),
(59, 1, 1, 1, 'ml', '2023-03-08 01:39:32', 0);

-- --------------------------------------------------------

--
-- Table structure for table `channel_members`
--

CREATE TABLE `channel_members` (
  `channel_id` int(20) NOT NULL,
  `user_id` int(20) NOT NULL,
  `member_type` int(20) NOT NULL
) ENGINE=InnoDB DEFAULT CHARSET=utf8mb4;

--
-- Dumping data for table `channel_members`
--

INSERT INTO `channel_members` (`channel_id`, `user_id`, `member_type`) VALUES
(1, 1, 1),
(2, 4, 1),
(3, 2, 1),
(4, 1, 1),
(5, 1, 1),
(16, 5, 1),
(19, 4, 1),
(22, 1, 1),
(23, 1, 1),
(24, 6, 1),
(1, 6, 2),
(3, 1, 2),
(16, 2, 2),
(2, 1, 3),
(2, 2, 3),
(3, 3, 3),
(3, 4, 3),
(3, 6, 3),
(4, 4, 3),
(19, 1, 3);

-- --------------------------------------------------------

--
-- Table structure for table `chats`
--

CREATE TABLE `chats` (
  `chat_id` int(20) NOT NULL,
  `user_id1` int(20) NOT NULL,
  `user_id2` int(20) NOT NULL,
  `created_on` datetime NOT NULL DEFAULT current_timestamp(),
  `deleted_by` int(20) NOT NULL
) ENGINE=InnoDB DEFAULT CHARSET=utf8mb4;

--
-- Dumping data for table `chats`
--

INSERT INTO `chats` (`chat_id`, `user_id1`, `user_id2`, `created_on`, `deleted_by`) VALUES
(1, 1, 1, '2022-12-08 22:03:33', 0),
(2, 2, 2, '0000-00-00 00:00:00', 0),
(3, 3, 3, '0000-00-00 00:00:00', 0),
(4, 4, 4, '0000-00-00 00:00:00', 0),
(5, 5, 5, '0000-00-00 00:00:00', 0),
(6, 6, 6, '0000-00-00 00:00:00', 0),
(7, 1, 2, '2022-11-24 22:04:11', 0),
(9, 1, 4, '0000-00-00 00:00:00', 0),
(10, 1, 5, '0000-00-00 00:00:00', 0),
(11, 1, 6, '2023-01-10 22:05:01', 0),
(12, 7, 7, '0000-00-00 00:00:00', 0),
(13, 7, 1, '0000-00-00 00:00:00', 1),
(14, 7, 3, '0000-00-00 00:00:00', 0),
(15, 4, 3, '2021-12-09 17:03:49', 0),
(16, 7, 6, '0000-00-00 00:00:00', 0),
(17, 7, 5, '0000-00-00 00:00:00', 0),
(18, 4, 5, '2022-12-08 16:05:12', 0),
(19, 4, 2, '2022-12-08 16:09:11', 0),
(20, 4, 7, '2022-12-08 16:10:28', 0),
(25, 7, 2, '2022-12-15 20:39:41', 0),
(29, 1, 3, '2023-01-26 09:46:11', 0),
(30, 2, 3, '2023-01-26 09:59:57', 0),
(31, 2, 6, '2023-01-31 00:19:23', 0),
(32, 5, 2, '2023-01-31 00:20:54', 0),
(33, 8, 8, '2023-02-16 21:36:57', 0),
(34, 9, 9, '2023-03-05 17:48:39', 0),
(35, 1, 9, '2023-03-06 13:45:01', 0),
(36, 1, 7, '2023-03-07 09:00:07', 0),
(37, 2, 9, '2023-03-07 13:24:45', 0),
(38, 10, 10, '2023-03-08 01:14:37', 0),
(39, 10, 2, '2023-03-08 01:15:04', 0);

-- --------------------------------------------------------

--
-- Table structure for table `chat_media`
--

CREATE TABLE `chat_media` (
  `chat_media_id` int(20) NOT NULL,
  `chat_id` int(20) NOT NULL,
  `user_id` int(20) NOT NULL,
  `media_type` int(5) NOT NULL,
  `text` varchar(200) NOT NULL,
  `time_sent` datetime NOT NULL DEFAULT current_timestamp(),
  `time_reached` date NOT NULL,
  `time_read` date NOT NULL
) ENGINE=InnoDB DEFAULT CHARSET=utf8mb4;

--
-- Dumping data for table `chat_media`
--

INSERT INTO `chat_media` (`chat_media_id`, `chat_id`, `user_id`, `media_type`, `text`, `time_sent`, `time_reached`, `time_read`) VALUES
(1, 1, 1, 1, 'hello there !', '0000-00-00 00:00:00', '0000-00-00', '0000-00-00'),
(2, 4, 2, 1, 'hello there !', '0000-00-00 00:00:00', '0000-00-00', '0000-00-00'),
(3, 4, 2, 1, 'hello there !', '0000-00-00 00:00:00', '0000-00-00', '0000-00-00'),
(4, 4, 2, 1, 'hello there !', '0000-00-00 00:00:00', '0000-00-00', '0000-00-00'),
(5, 4, 2, 1, 'hello there !', '0000-00-00 00:00:00', '0000-00-00', '0000-00-00'),
(6, 4, 2, 1, 'hello there !', '0000-00-00 00:00:00', '0000-00-00', '0000-00-00'),
(7, 4, 2, 1, 'hello there !', '0000-00-00 00:00:00', '0000-00-00', '0000-00-00'),
(8, 4, 2, 1, 'hello there !', '0000-00-00 00:00:00', '0000-00-00', '0000-00-00'),
(9, 4, 2, 1, 'hello there !', '0000-00-00 00:00:00', '0000-00-00', '0000-00-00'),
(10, 4, 2, 1, 'hello there !', '0000-00-00 00:00:00', '0000-00-00', '0000-00-00'),
(11, 4, 2, 1, 'hello there !', '0000-00-00 00:00:00', '0000-00-00', '0000-00-00'),
(12, 4, 2, 1, 'hello there !', '0000-00-00 00:00:00', '0000-00-00', '0000-00-00'),
(13, 4, 2, 1, 'hello there !', '0000-00-00 00:00:00', '0000-00-00', '0000-00-00'),
(14, 4, 2, 1, 'hello there !', '0000-00-00 00:00:00', '0000-00-00', '0000-00-00'),
(15, 4, 2, 1, 'hello there !', '0000-00-00 00:00:00', '0000-00-00', '0000-00-00'),
(16, 4, 2, 1, 'hello there !', '0000-00-00 00:00:00', '0000-00-00', '0000-00-00'),
(17, 4, 2, 1, 'hello there !', '0000-00-00 00:00:00', '0000-00-00', '0000-00-00'),
(18, 4, 2, 1, 'hello there !', '0000-00-00 00:00:00', '0000-00-00', '0000-00-00'),
(19, 4, 2, 1, 'hello there !', '0000-00-00 00:00:00', '0000-00-00', '0000-00-00'),
(20, 4, 2, 1, 'hello there !', '0000-00-00 00:00:00', '0000-00-00', '0000-00-00'),
(21, 4, 2, 1, 'hello there !', '0000-00-00 00:00:00', '0000-00-00', '0000-00-00'),
(22, 4, 2, 1, 'hello there !', '0000-00-00 00:00:00', '0000-00-00', '0000-00-00'),
(23, 4, 2, 1, 'hello there !', '0000-00-00 00:00:00', '0000-00-00', '0000-00-00'),
(24, 4, 2, 1, 'hello there !', '0000-00-00 00:00:00', '0000-00-00', '0000-00-00'),
(25, 4, 2, 1, 'hello there !hjguyk', '0000-00-00 00:00:00', '0000-00-00', '0000-00-00'),
(26, 4, 2, 1, 'hello there !hjguyk', '0000-00-00 00:00:00', '0000-00-00', '0000-00-00'),
(27, 4, 2, 1, 'hello there !hjguyk', '0000-00-00 00:00:00', '0000-00-00', '0000-00-00'),
(28, 4, 2, 1, 'hello there !hjguyk', '0000-00-00 00:00:00', '0000-00-00', '0000-00-00'),
(29, 4, 2, 1, 'hello there !hjguyk', '0000-00-00 00:00:00', '0000-00-00', '0000-00-00'),
(30, 4, 2, 1, 'hello there !hjguyk', '0000-00-00 00:00:00', '0000-00-00', '0000-00-00'),
(31, 4, 2, 1, 'hello there !hjguyk', '0000-00-00 00:00:00', '0000-00-00', '0000-00-00'),
(32, 4, 2, 1, 'hello there !hjguyk', '0000-00-00 00:00:00', '0000-00-00', '0000-00-00'),
(33, 4, 2, 1, 'hello there !hjguyk', '0000-00-00 00:00:00', '0000-00-00', '0000-00-00'),
(34, 4, 2, 1, 'hello there !hjguyk', '0000-00-00 00:00:00', '0000-00-00', '0000-00-00'),
(35, 4, 2, 1, 'hello there !hjguyk', '0000-00-00 00:00:00', '0000-00-00', '0000-00-00'),
(36, 4, 2, 1, 'hello there !hjguyk', '0000-00-00 00:00:00', '0000-00-00', '0000-00-00'),
(37, 4, 2, 1, 'hello there !hjguyk', '0000-00-00 00:00:00', '0000-00-00', '0000-00-00'),
(38, 4, 2, 1, 'hello there !hjguyk', '0000-00-00 00:00:00', '0000-00-00', '0000-00-00'),
(39, 4, 2, 1, 'hello there !hjguyk', '0000-00-00 00:00:00', '0000-00-00', '0000-00-00'),
(40, 4, 2, 1, 'hello there !hjguyk', '0000-00-00 00:00:00', '0000-00-00', '0000-00-00'),
(41, 4, 2, 1, 'hello there !hjguyk', '0000-00-00 00:00:00', '0000-00-00', '0000-00-00'),
(42, 4, 2, 1, 'hello there !hjguyk', '0000-00-00 00:00:00', '0000-00-00', '0000-00-00'),
(43, 4, 2, 1, 'hello there !hjguyk', '0000-00-00 00:00:00', '0000-00-00', '0000-00-00'),
(44, 4, 2, 1, 'hello there !hjguyk', '0000-00-00 00:00:00', '0000-00-00', '0000-00-00'),
(45, 4, 2, 1, 'hello there !hjguyk', '0000-00-00 00:00:00', '0000-00-00', '0000-00-00'),
(46, 4, 2, 1, 'hello there !hjguyk', '0000-00-00 00:00:00', '0000-00-00', '0000-00-00'),
(47, 4, 2, 1, 'hello there !hjguyk', '0000-00-00 00:00:00', '0000-00-00', '0000-00-00'),
(48, 4, 2, 1, 'hello there !hjguyk', '0000-00-00 00:00:00', '0000-00-00', '0000-00-00'),
(49, 4, 2, 1, 'hello there !hjguyk', '0000-00-00 00:00:00', '0000-00-00', '0000-00-00'),
(50, 4, 2, 1, 'hello there !hjguyk', '0000-00-00 00:00:00', '0000-00-00', '0000-00-00'),
(51, 4, 2, 1, 'hello there !hjguyk', '0000-00-00 00:00:00', '0000-00-00', '0000-00-00'),
(52, 4, 2, 1, 'hello there !hjguyk', '0000-00-00 00:00:00', '0000-00-00', '0000-00-00'),
(53, 4, 2, 1, 'hello there !hjguyk', '0000-00-00 00:00:00', '0000-00-00', '0000-00-00'),
(54, 4, 2, 1, 'hello there !hjguyk', '0000-00-00 00:00:00', '0000-00-00', '0000-00-00'),
(55, 4, 2, 1, 'hello there !hjguyk', '0000-00-00 00:00:00', '0000-00-00', '0000-00-00'),
(56, 4, 2, 1, 'hello there !hjguyk', '0000-00-00 00:00:00', '0000-00-00', '0000-00-00'),
(57, 4, 2, 1, 'hello there !hjguyk', '0000-00-00 00:00:00', '0000-00-00', '0000-00-00'),
(58, 12, 7, 1, 'hello there !', '0000-00-00 00:00:00', '0000-00-00', '0000-00-00'),
(59, 12, 7, 1, 'hello there !', '0000-00-00 00:00:00', '0000-00-00', '0000-00-00'),
(60, 12, 7, 1, 'hello there !', '0000-00-00 00:00:00', '0000-00-00', '0000-00-00'),
(61, 12, 7, 1, 'hello there !', '0000-00-00 00:00:00', '0000-00-00', '0000-00-00'),
(62, 12, 7, 1, 'hello there !', '0000-00-00 00:00:00', '0000-00-00', '0000-00-00'),
(63, 12, 7, 1, 'hello there !', '0000-00-00 00:00:00', '0000-00-00', '0000-00-00'),
(64, 14, 7, 1, 'hello there !', '0000-00-00 00:00:00', '0000-00-00', '0000-00-00'),
(65, 14, 7, 1, 'what you doing?', '0000-00-00 00:00:00', '0000-00-00', '0000-00-00'),
(66, 13, 7, 1, 'hello there !', '0000-00-00 00:00:00', '0000-00-00', '0000-00-00'),
(67, 13, 7, 1, 'hello there !', '0000-00-00 00:00:00', '0000-00-00', '0000-00-00'),
(68, 13, 7, 1, 'going to store?', '0000-00-00 00:00:00', '0000-00-00', '0000-00-00'),
(69, 13, 7, 1, 'hello there ! hkjhghu ghf hgf hgdf gfctdf  kgu', '0000-00-00 00:00:00', '0000-00-00', '0000-00-00'),
(70, 13, 7, 1, 'hello there !  hjgfy hgvh jhgbj ytgkj gfgju ggfjh yfvj fuj vtfghb thkjhghu ghf hgf hgdf gfctdf  kgu', '0000-00-00 00:00:00', '0000-00-00', '0000-00-00'),
(71, 13, 7, 1, 'hello there !  hjgfy hgfutygvtr tyrfyh trfuy ytrfjy uytgjb yrtfujg fuyt rugj hgvh jhgbj ytgkj gfgju ggfjh yfvj fuj vtfghb thkjhghu ghf hgf hgdf gfctdf  kgu', '0000-00-00 00:00:00', '0000-00-00', '0000-00-00'),
(72, 13, 7, 1, 'hello there !   jkhi8yuygb uygyfcj gub uytg trfuv rtdc hjgfy hgfutygvtr tyrfyh trfuy ytrfjy uytgjb yrtfujg fuyt rugj hgvh jhgbj ytgkj gfgju ggfjh yfvj fuj vtfghb thkjhghu ghf hgf hgdf gfctdf  kgu', '0000-00-00 00:00:00', '0000-00-00', '0000-00-00'),
(73, 14, 7, 1, 'hello there !h iuyhg igb yugbk uygu uygvjb yg', '0000-00-00 00:00:00', '0000-00-00', '0000-00-00'),
(74, 13, 1, 1, 'hello there ! ygujv tfv yttdrtc trd tyrdc trdc', '0000-00-00 00:00:00', '0000-00-00', '0000-00-00'),
(75, 13, 1, 1, 'hello there ! f v yrf 6rdfc trdc 6redc ygujv tfv yttdrtc trd tyrdc trdc', '0000-00-00 00:00:00', '0000-00-00', '0000-00-00'),
(76, 13, 1, 1, 'hello there ! f v ygf tfv 5rfv tf6tyv ydfv bytfv yryyrfv tfv ytfv tfv v65fv hgtyfv rf 6rdfc trdc 6redc ygujv tfv yttdrtc trd tyrdc trdc', '0000-00-00 00:00:00', '0000-00-00', '0000-00-00'),
(77, 13, 1, 1, 'hello there ! f v ygf tfv  hhhhhhhhhhhhhnh hhhhn hhh5rfv tf6tyv ydfv bytfv yryyrfv tfv ytfv tfv v65fv hgtyfv rf 6rdfc trdc 6redc ygujv tfv yttdrtc trd tyrdc trdc', '0000-00-00 00:00:00', '0000-00-00', '0000-00-00'),
(78, 13, 7, 1, 'hello there ! iyughb t7r7fg 5rfv  ', '0000-00-00 00:00:00', '0000-00-00', '0000-00-00'),
(79, 13, 7, 1, 'hello there ! iyughb t7r7 f6vr ytrfc 6ftv 45esexv easdxc rfv fg 5rfv  ', '0000-00-00 00:00:00', '0000-00-00', '0000-00-00'),
(80, 13, 1, 1, 'c', '0000-00-00 00:00:00', '0000-00-00', '0000-00-00'),
(81, 13, 7, 1, 'hello there !', '0000-00-00 00:00:00', '0000-00-00', '0000-00-00'),
(82, 3, 1, 1, 'hello there !', '0000-00-00 00:00:00', '0000-00-00', '0000-00-00'),
(83, 3, 1, 1, 'hello there !', '0000-00-00 00:00:00', '0000-00-00', '0000-00-00'),
(84, 13, 1, 1, 'hello there !', '0000-00-00 00:00:00', '0000-00-00', '0000-00-00'),
(85, 13, 1, 1, 'hello there ! gh', '0000-00-00 00:00:00', '0000-00-00', '0000-00-00'),
(86, 11, 1, 1, 'hello there !', '2022-12-08 18:03:31', '0000-00-00', '0000-00-00'),
(87, 11, 6, 1, 'hello there !', '2022-12-08 18:04:44', '0000-00-00', '0000-00-00'),
(88, 11, 1, 1, 'where are you?', '2022-12-08 18:04:59', '0000-00-00', '0000-00-00'),
(89, 11, 6, 1, 'i am just leaving the office.', '2022-12-08 18:05:17', '0000-00-00', '0000-00-00'),
(90, 11, 1, 1, 'care for a drink?', '2022-12-08 18:05:40', '0000-00-00', '0000-00-00'),
(91, 11, 6, 1, 'sure! where are we going?', '2022-12-08 18:05:53', '0000-00-00', '0000-00-00'),
(92, 11, 1, 1, 'the new grills', '2022-12-08 18:06:00', '0000-00-00', '0000-00-00'),
(93, 11, 6, 1, 'ok', '2022-12-08 18:06:04', '0000-00-00', '0000-00-00'),
(94, 11, 1, 1, 'hii', '2022-12-09 16:11:00', '0000-00-00', '0000-00-00'),
(95, 11, 6, 1, 'check out this new movie', '2022-12-09 18:10:31', '0000-00-00', '0000-00-00'),
(96, 11, 1, 1, 'just sent it to me', '2022-12-09 16:13:04', '0000-00-00', '0000-00-00'),
(97, 11, 6, 1, 'hey!', '2022-12-12 10:10:00', '0000-00-00', '0000-00-00'),
(98, 11, 1, 1, 'how are you? feeling better?', '2022-12-12 10:11:30', '0000-00-00', '0000-00-00'),
(100, 11, 1, 1, 'hello there !', '2022-12-11 13:37:27', '0000-00-00', '0000-00-00'),
(101, 11, 1, 1, 'hello there !', '2022-12-11 13:45:32', '0000-00-00', '0000-00-00'),
(102, 11, 1, 1, 'jnfsd', '2022-12-11 13:45:51', '0000-00-00', '0000-00-00'),
(103, 11, 1, 1, 'jnfsd', '2022-12-11 13:45:51', '0000-00-00', '0000-00-00'),
(104, 11, 1, 1, 'jnfsd', '2022-12-11 13:45:51', '0000-00-00', '0000-00-00'),
(105, 11, 1, 1, 'dn', '2022-12-11 13:45:57', '0000-00-00', '0000-00-00'),
(106, 11, 1, 1, 'dn', '2022-12-11 13:45:57', '0000-00-00', '0000-00-00'),
(107, 11, 1, 1, 'dn', '2022-12-11 13:45:57', '0000-00-00', '0000-00-00'),
(108, 11, 1, 1, 'hello there !', '2022-12-11 13:50:07', '0000-00-00', '0000-00-00'),
(109, 11, 1, 1, 'hello tm', '2022-12-11 13:50:12', '0000-00-00', '0000-00-00'),
(110, 11, 1, 1, 'hello tm', '2022-12-11 13:50:14', '0000-00-00', '0000-00-00'),
(111, 11, 1, 1, 'nj', '2022-12-11 13:50:18', '0000-00-00', '0000-00-00'),
(112, 11, 1, 1, 'nj', '2022-12-11 13:50:18', '0000-00-00', '0000-00-00'),
(113, 11, 1, 1, 'n', '2022-12-11 13:50:21', '0000-00-00', '0000-00-00'),
(114, 11, 1, 1, 'n', '2022-12-11 13:50:21', '0000-00-00', '0000-00-00'),
(115, 11, 1, 1, 'bj', '2022-12-11 13:50:30', '0000-00-00', '0000-00-00'),
(116, 11, 1, 1, 'bj', '2022-12-11 13:50:30', '0000-00-00', '0000-00-00'),
(117, 11, 1, 1, 'bj', '2022-12-11 13:50:30', '0000-00-00', '0000-00-00'),
(118, 11, 1, 1, 'hello there !', '2022-12-11 13:52:10', '0000-00-00', '0000-00-00'),
(119, 11, 1, 1, 'nk', '2022-12-11 13:52:13', '0000-00-00', '0000-00-00'),
(120, 11, 1, 1, 'nk', '2022-12-11 13:52:18', '0000-00-00', '0000-00-00'),
(121, 11, 1, 1, 'mk', '2022-12-11 13:52:22', '0000-00-00', '0000-00-00'),
(122, 11, 1, 1, 'mkob', '2022-12-11 13:52:27', '0000-00-00', '0000-00-00'),
(123, 11, 1, 1, 'mkob', '2022-12-11 13:52:28', '0000-00-00', '0000-00-00'),
(124, 11, 1, 1, 'mkob', '2022-12-11 13:52:31', '0000-00-00', '0000-00-00'),
(125, 11, 1, 1, 'mkoblkm ', '2022-12-11 13:52:34', '0000-00-00', '0000-00-00'),
(126, 11, 1, 1, 'hello there !', '2022-12-11 18:27:02', '0000-00-00', '0000-00-00'),
(127, 11, 1, 1, 'hello there !', '2022-12-12 15:14:21', '0000-00-00', '0000-00-00'),
(128, 11, 1, 1, 'hello there !', '2022-12-12 15:14:52', '0000-00-00', '0000-00-00'),
(129, 11, 1, 1, 'hello there !', '2022-12-12 15:14:57', '0000-00-00', '0000-00-00'),
(130, 11, 1, 1, 'hello there !', '2022-12-12 15:15:33', '0000-00-00', '0000-00-00'),
(131, 11, 1, 1, 'hello there !', '2022-12-12 15:15:35', '0000-00-00', '0000-00-00'),
(132, 13, 7, 1, 'hello there !', '2022-12-15 20:07:24', '0000-00-00', '0000-00-00'),
(133, 11, 1, 2, 'jpg', '2023-01-15 20:35:50', '0000-00-00', '0000-00-00'),
(134, 11, 1, 2, 'jpg', '2023-01-15 20:40:22', '0000-00-00', '0000-00-00'),
(135, 11, 1, 1, 'hello there !', '2023-01-15 20:48:38', '0000-00-00', '0000-00-00'),
(136, 11, 1, 1, 'hello there !', '2023-01-15 20:49:45', '0000-00-00', '0000-00-00'),
(137, 11, 1, 1, 'hello there !lkjhgv', '2023-01-15 20:49:52', '0000-00-00', '0000-00-00'),
(138, 11, 1, 5, 'svg', '2023-01-16 22:29:20', '0000-00-00', '0000-00-00'),
(139, 13, 7, 1, 'hello there !', '2023-01-21 02:08:15', '0000-00-00', '0000-00-00'),
(140, 13, 7, 1, 'hello there !', '2023-01-21 02:08:47', '0000-00-00', '0000-00-00'),
(141, 13, 7, 1, 'hel', '2023-01-21 02:08:54', '0000-00-00', '0000-00-00'),
(142, 13, 7, 1, 'hello there !', '2023-01-21 02:09:09', '0000-00-00', '0000-00-00'),
(143, 13, 7, 1, 'hel', '2023-01-21 02:11:08', '0000-00-00', '0000-00-00'),
(144, 13, 7, 1, 'hh!', '2023-01-21 02:20:57', '0000-00-00', '0000-00-00'),
(145, 13, 1, 1, 'hello there !', '2023-01-21 02:21:27', '0000-00-00', '0000-00-00'),
(146, 13, 1, 1, 'hello there !', '2023-01-21 02:21:35', '0000-00-00', '0000-00-00'),
(147, 13, 1, 1, 'hello there !', '2023-01-21 02:21:36', '0000-00-00', '0000-00-00'),
(148, 13, 1, 1, 'hello there !', '2023-01-21 02:27:22', '0000-00-00', '0000-00-00'),
(149, 13, 1, 1, 'hello there !', '2023-01-21 02:27:34', '0000-00-00', '0000-00-00'),
(150, 14, 7, 1, 'hello there !', '2023-01-21 02:28:24', '0000-00-00', '0000-00-00'),
(151, 11, 1, 1, 'hello there !', '2023-01-21 02:28:30', '0000-00-00', '0000-00-00'),
(152, 11, 1, 1, 'hello there !', '2023-01-21 02:28:35', '0000-00-00', '0000-00-00'),
(153, 13, 1, 1, 'hello there !', '2023-01-21 02:28:39', '0000-00-00', '0000-00-00'),
(154, 13, 1, 1, 'h', '2023-01-21 02:28:43', '0000-00-00', '0000-00-00'),
(155, 13, 1, 1, 'hello there !', '2023-01-21 02:33:55', '0000-00-00', '0000-00-00'),
(156, 13, 1, 1, 'hello there !', '2023-01-21 02:33:57', '0000-00-00', '0000-00-00'),
(157, 13, 7, 1, 'hello there !', '2023-01-21 02:34:11', '0000-00-00', '0000-00-00'),
(158, 13, 7, 1, 'hello there !', '2023-01-21 02:34:15', '0000-00-00', '0000-00-00'),
(159, 13, 7, 1, 'hello there !', '2023-01-21 03:25:40', '0000-00-00', '0000-00-00'),
(160, 12, 7, 1, 'hello there !', '2023-01-21 03:25:47', '0000-00-00', '0000-00-00'),
(161, 13, 1, 1, 'hello there !', '2023-01-21 03:25:49', '0000-00-00', '0000-00-00'),
(162, 13, 1, 1, 'hello there !', '2023-01-21 03:25:49', '0000-00-00', '0000-00-00'),
(163, 13, 1, 1, 'hello there !', '2023-01-21 03:25:50', '0000-00-00', '0000-00-00'),
(164, 9, 1, 5, 'csv', '2023-01-23 23:03:39', '0000-00-00', '0000-00-00'),
(165, 9, 1, 2, 'jpg', '2023-01-23 23:05:15', '0000-00-00', '0000-00-00'),
(166, 7, 1, 2, 'jpg', '2023-01-23 23:07:14', '0000-00-00', '0000-00-00'),
(167, 7, 1, 5, 'csv', '2023-01-23 23:10:01', '0000-00-00', '0000-00-00'),
(168, 10, 5, 1, 'hello there !', '2023-01-25 08:37:06', '0000-00-00', '0000-00-00'),
(169, 10, 5, 1, 'hello there !', '2023-01-25 08:41:37', '0000-00-00', '0000-00-00'),
(170, 10, 5, 1, 'hello there ! jkn,', '2023-01-25 08:41:53', '0000-00-00', '0000-00-00'),
(171, 7, 1, 5, 'csv', '2023-01-25 17:54:48', '0000-00-00', '0000-00-00'),
(172, 7, 1, 5, 'csv', '2023-01-25 18:10:35', '0000-00-00', '0000-00-00'),
(173, 7, 1, 2, 'jpg', '2023-01-25 18:11:11', '0000-00-00', '0000-00-00'),
(174, 7, 1, 2, 'jpg', '2023-01-25 18:30:02', '0000-00-00', '0000-00-00'),
(175, 30, 2, 1, 'hello there !', '2023-01-26 10:00:05', '0000-00-00', '0000-00-00'),
(176, 30, 2, 1, 'hello there !', '2023-01-26 10:01:10', '0000-00-00', '0000-00-00'),
(177, 30, 2, 1, 'hello there !', '2023-01-26 10:02:01', '0000-00-00', '0000-00-00'),
(178, 11, 1, 1, 'undefined', '2023-01-27 02:00:46', '0000-00-00', '0000-00-00'),
(179, 1, 1, 1, 'undefined', '2023-01-27 02:01:26', '0000-00-00', '0000-00-00'),
(180, 29, 1, 1, 'undefined', '2023-01-27 02:01:29', '0000-00-00', '0000-00-00'),
(181, 11, 1, 1, 'undefined', '2023-01-27 02:01:49', '0000-00-00', '0000-00-00'),
(182, 11, 1, 1, 'undefined', '2023-01-27 02:01:55', '0000-00-00', '0000-00-00'),
(183, 11, 1, 1, 'undefined', '2023-01-27 02:08:29', '0000-00-00', '0000-00-00'),
(184, 11, 1, 1, 'undefined', '2023-01-27 02:08:41', '0000-00-00', '0000-00-00'),
(185, 11, 1, 1, 'undefined', '2023-01-27 02:08:43', '0000-00-00', '0000-00-00'),
(187, 11, 1, 1, 'hello there !', '2023-01-27 02:12:49', '0000-00-00', '0000-00-00'),
(188, 11, 1, 1, 'hello there !', '2023-01-27 02:14:11', '0000-00-00', '0000-00-00'),
(189, 10, 1, 1, 'hello there !', '2023-01-28 08:32:13', '0000-00-00', '0000-00-00'),
(190, 10, 1, 1, 'hello there !', '2023-01-28 08:34:54', '0000-00-00', '0000-00-00'),
(191, 7, 1, 1, 'hello there !', '2023-01-29 23:30:06', '0000-00-00', '0000-00-00'),
(192, 11, 1, 2, 'jpg', '2023-01-30 09:31:05', '0000-00-00', '0000-00-00'),
(193, 1, 1, 1, 'hello there !', '2023-01-30 16:45:39', '0000-00-00', '0000-00-00'),
(194, 7, 1, 1, 'hello there !', '2023-01-30 16:45:50', '0000-00-00', '0000-00-00'),
(195, 7, 1, 1, 'hello there !', '2023-01-30 16:46:00', '0000-00-00', '0000-00-00'),
(196, 11, 1, 1, 'hguhgfus', '2023-01-30 16:46:56', '0000-00-00', '0000-00-00'),
(197, 11, 1, 1, 'hello there !giygfs', '2023-01-30 16:47:17', '0000-00-00', '0000-00-00'),
(198, 4, 1, 1, '', '2023-02-04 18:23:47', '0000-00-00', '0000-00-00'),
(199, 9, 4, 1, 'hello there !', '2023-02-05 18:12:19', '0000-00-00', '0000-00-00'),
(200, 9, 4, 1, 'un', '2023-02-05 18:19:21', '0000-00-00', '0000-00-00'),
(201, 9, 4, 1, 'hello there !', '2023-02-05 18:26:14', '0000-00-00', '0000-00-00'),
(202, 10, 1, 1, 'hello there !', '2023-02-06 21:20:39', '0000-00-00', '0000-00-00'),
(203, 10, 1, 2, 'png', '2023-02-06 21:20:48', '0000-00-00', '0000-00-00'),
(204, 10, 5, 1, 'hello there !', '2023-02-10 02:15:34', '0000-00-00', '0000-00-00'),
(205, 10, 5, 2, 'jpg', '2023-02-10 02:15:38', '0000-00-00', '0000-00-00'),
(206, 9, 1, 1, 'hello there !', '2023-02-13 18:35:08', '0000-00-00', '0000-00-00'),
(207, 11, 1, 1, '', '2023-02-14 20:05:14', '0000-00-00', '0000-00-00'),
(208, 11, 6, 1, 'hello there !', '2023-02-15 12:01:24', '0000-00-00', '0000-00-00'),
(209, 11, 6, 1, 'nice to see you too', '2023-02-15 12:02:40', '0000-00-00', '0000-00-00'),
(210, 11, 6, 1, 'snhj%yt%xjj', '2023-02-15 12:04:01', '0000-00-00', '0000-00-00'),
(211, 11, 6, 1, 'mjqqt%ymjwj%&', '2023-02-15 12:08:41', '0000-00-00', '0000-00-00'),
(212, 11, 1, 1, 'rovvy*~ro|o*+', '2023-02-15 12:09:22', '0000-00-00', '0000-00-00'),
(213, 11, 6, 1, 'ɜəɠɠɣȔɨɜəɦəȔȕ', '2023-02-15 12:15:45', '0000-00-00', '0000-00-00'),
(214, 11, 6, 1, 'ɜɝ', '2023-02-15 12:15:55', '0000-00-00', '0000-00-00'),
(215, 11, 1, 1, 'hello there !', '2023-02-16 09:43:59', '0000-00-00', '0000-00-00'),
(216, 11, 6, 1, 'hello there !', '2023-02-16 09:44:08', '0000-00-00', '0000-00-00'),
(217, 11, 6, 1, 'hello there !', '2023-02-16 09:46:49', '0000-00-00', '0000-00-00'),
(218, 11, 6, 1, 'mk', '2023-02-16 09:46:58', '0000-00-00', '0000-00-00'),
(219, 11, 1, 1, 'hello there !', '2023-03-06 08:09:55', '0000-00-00', '0000-00-00'),
(220, 1, 1, 1, 'hello there !', '2023-03-06 11:44:49', '0000-00-00', '0000-00-00'),
(221, 35, 1, 2, 'jpeg', '2023-03-06 13:52:45', '0000-00-00', '0000-00-00'),
(222, 35, 1, 2, 'jpeg', '2023-03-06 14:21:12', '0000-00-00', '0000-00-00'),
(223, 35, 1, 2, 'jpg', '2023-03-06 14:22:27', '0000-00-00', '0000-00-00'),
(224, 35, 1, 2, 'jpg', '2023-03-06 14:22:37', '0000-00-00', '0000-00-00'),
(225, 35, 1, 2, 'jpg', '2023-03-06 14:24:45', '0000-00-00', '0000-00-00'),
(226, 35, 1, 2, 'jpg', '2023-03-06 14:29:26', '0000-00-00', '0000-00-00'),
(227, 35, 1, 2, 'jpg', '2023-03-06 14:30:06', '0000-00-00', '0000-00-00'),
(228, 35, 1, 2, 'jpeg', '2023-03-06 14:31:06', '0000-00-00', '0000-00-00'),
(229, 35, 1, 2, 'jpg', '2023-03-06 14:32:15', '0000-00-00', '0000-00-00'),
(230, 35, 1, 2, 'jpg', '2023-03-06 14:32:15', '0000-00-00', '0000-00-00'),
(231, 35, 1, 2, 'jpg', '2023-03-06 14:32:15', '0000-00-00', '0000-00-00'),
(232, 35, 1, 2, 'jpg', '2023-03-06 14:32:15', '0000-00-00', '0000-00-00'),
(233, 35, 1, 2, 'png', '2023-03-06 14:37:47', '0000-00-00', '0000-00-00'),
(234, 35, 1, 2, 'jpg', '2023-03-06 14:37:47', '0000-00-00', '0000-00-00'),
(235, 35, 1, 2, 'jpg', '2023-03-06 14:37:47', '0000-00-00', '0000-00-00'),
(236, 35, 1, 2, 'webp', '2023-03-06 14:37:47', '0000-00-00', '0000-00-00'),
(237, 35, 1, 2, 'jpeg', '2023-03-06 14:37:47', '0000-00-00', '0000-00-00'),
(238, 35, 1, 2, 'png', '2023-03-06 14:37:47', '0000-00-00', '0000-00-00'),
(239, 35, 1, 3, 'mp4', '2023-03-06 14:37:47', '0000-00-00', '0000-00-00'),
(240, 35, 1, 2, 'jpg', '2023-03-06 14:37:47', '0000-00-00', '0000-00-00'),
(241, 35, 1, 2, 'svg', '2023-03-06 14:38:12', '0000-00-00', '0000-00-00'),
(242, 35, 1, 2, 'png', '2023-03-06 14:38:12', '0000-00-00', '0000-00-00'),
(243, 35, 1, 2, 'png', '2023-03-06 14:38:12', '0000-00-00', '0000-00-00'),
(244, 35, 1, 2, 'jpg', '2023-03-06 14:38:12', '0000-00-00', '0000-00-00'),
(245, 35, 1, 2, 'jpg', '2023-03-06 14:38:12', '0000-00-00', '0000-00-00'),
(246, 35, 1, 2, 'webp', '2023-03-06 14:38:12', '0000-00-00', '0000-00-00'),
(247, 35, 1, 2, 'jpeg', '2023-03-06 14:38:12', '0000-00-00', '0000-00-00'),
(248, 35, 1, 2, 'png', '2023-03-06 14:38:12', '0000-00-00', '0000-00-00'),
(249, 35, 1, 3, 'mp4', '2023-03-06 14:38:12', '0000-00-00', '0000-00-00'),
(250, 35, 1, 2, 'jpg', '2023-03-06 14:38:12', '0000-00-00', '0000-00-00'),
(251, 35, 1, 2, 'jpeg', '2023-03-06 14:45:45', '0000-00-00', '0000-00-00'),
(252, 35, 1, 2, 'jpg', '2023-03-06 14:45:45', '0000-00-00', '0000-00-00'),
(253, 35, 1, 2, 'jpeg', '2023-03-06 14:45:45', '0000-00-00', '0000-00-00'),
(254, 35, 1, 2, 'jpg', '2023-03-06 14:45:45', '0000-00-00', '0000-00-00'),
(255, 35, 1, 2, 'jpeg', '2023-03-06 14:45:45', '0000-00-00', '0000-00-00'),
(256, 35, 1, 2, 'jpg', '2023-03-06 14:45:45', '0000-00-00', '0000-00-00'),
(257, 35, 1, 2, 'jpeg', '2023-03-06 14:45:45', '0000-00-00', '0000-00-00'),
(258, 35, 1, 2, 'jpg', '2023-03-06 14:45:45', '0000-00-00', '0000-00-00'),
(259, 35, 1, 2, 'jpeg', '2023-03-06 14:45:45', '0000-00-00', '0000-00-00'),
(260, 35, 1, 2, 'jpg', '2023-03-06 14:45:45', '0000-00-00', '0000-00-00'),
(261, 35, 1, 2, 'jpeg', '2023-03-06 14:46:21', '0000-00-00', '0000-00-00'),
(262, 35, 1, 2, 'jpg', '2023-03-06 14:46:21', '0000-00-00', '0000-00-00'),
(263, 35, 1, 2, 'jpg', '2023-03-06 14:46:21', '0000-00-00', '0000-00-00'),
(264, 35, 1, 2, 'jpg', '2023-03-06 14:46:21', '0000-00-00', '0000-00-00'),
(265, 35, 1, 2, 'jpg', '2023-03-06 14:46:21', '0000-00-00', '0000-00-00'),
(266, 35, 1, 2, 'jpg', '2023-03-06 14:46:21', '0000-00-00', '0000-00-00'),
(267, 35, 1, 2, 'webp', '2023-03-06 14:46:21', '0000-00-00', '0000-00-00'),
(268, 35, 1, 2, 'jpg', '2023-03-06 14:46:21', '0000-00-00', '0000-00-00'),
(269, 35, 1, 2, 'jpg', '2023-03-06 14:46:21', '0000-00-00', '0000-00-00'),
(270, 35, 1, 2, 'png', '2023-03-06 14:46:21', '0000-00-00', '0000-00-00'),
(271, 35, 1, 2, 'jpg', '2023-03-06 14:47:49', '0000-00-00', '0000-00-00'),
(272, 11, 6, 1, 'hello there !', '2023-03-07 08:38:33', '0000-00-00', '0000-00-00'),
(273, 11, 6, 1, 'ml', '2023-03-07 08:38:45', '0000-00-00', '0000-00-00'),
(274, 11, 6, 2, 'jpg', '2023-03-07 08:39:14', '0000-00-00', '0000-00-00'),
(275, 11, 6, 3, 'mp4', '2023-03-07 08:39:14', '0000-00-00', '0000-00-00'),
(276, 11, 6, 1, 'jh', '2023-03-07 08:41:04', '0000-00-00', '0000-00-00'),
(277, 11, 6, 1, 'ihn', '2023-03-07 08:41:06', '0000-00-00', '0000-00-00'),
(278, 11, 6, 1, 'g', '2023-03-07 08:41:08', '0000-00-00', '0000-00-00'),
(279, 11, 6, 1, 'l', '2023-03-07 08:41:09', '0000-00-00', '0000-00-00'),
(280, 11, 6, 1, 'l', '2023-03-07 08:41:10', '0000-00-00', '0000-00-00'),
(281, 11, 6, 1, 'l', '2023-03-07 08:41:11', '0000-00-00', '0000-00-00'),
(282, 11, 6, 1, 'l', '2023-03-07 08:41:12', '0000-00-00', '0000-00-00'),
(283, 11, 6, 1, 'l', '2023-03-07 08:41:13', '0000-00-00', '0000-00-00'),
(284, 11, 6, 1, 'l', '2023-03-07 08:41:13', '0000-00-00', '0000-00-00'),
(285, 11, 6, 1, 'l', '2023-03-07 08:41:14', '0000-00-00', '0000-00-00'),
(286, 11, 6, 1, 'l', '2023-03-07 08:41:14', '0000-00-00', '0000-00-00'),
(287, 11, 6, 1, 'l', '2023-03-07 08:41:15', '0000-00-00', '0000-00-00'),
(288, 11, 6, 1, 'll', '2023-03-07 08:41:15', '0000-00-00', '0000-00-00'),
(289, 11, 6, 1, 'll', '2023-03-07 08:41:16', '0000-00-00', '0000-00-00'),
(290, 11, 6, 1, 'l', '2023-03-07 08:41:16', '0000-00-00', '0000-00-00'),
(291, 11, 6, 1, 'l', '2023-03-07 08:41:16', '0000-00-00', '0000-00-00'),
(292, 11, 6, 1, 'kk', '2023-03-07 08:54:01', '0000-00-00', '0000-00-00'),
(293, 9, 1, 1, 'hello there !', '2023-03-07 09:30:52', '0000-00-00', '0000-00-00'),
(294, 11, 1, 1, 'hello there !', '2023-03-07 13:11:12', '0000-00-00', '0000-00-00'),
(295, 35, 1, 2, 'jpeg', '2023-03-08 00:36:54', '0000-00-00', '0000-00-00');

-- --------------------------------------------------------

--
-- Table structure for table `connection_ids`
--

CREATE TABLE `connection_ids` (
  `user_id` int(20) NOT NULL,
  `peer_id` varchar(20) DEFAULT NULL,
  `socket_id` varchar(30) NOT NULL
) ENGINE=InnoDB DEFAULT CHARSET=utf8mb4;

--
-- Dumping data for table `connection_ids`
--

INSERT INTO `connection_ids` (`user_id`, `peer_id`, `socket_id`) VALUES
(1, NULL, ''),
(2, NULL, ''),
(3, NULL, ''),
(7, NULL, '');

-- --------------------------------------------------------

--
-- Table structure for table `groups`
--

CREATE TABLE `groups` (
  `group_id` int(20) NOT NULL,
  `group_name` varchar(20) NOT NULL,
  `title` varchar(20) NOT NULL,
  `user_id` int(20) NOT NULL,
  `created_on` datetime NOT NULL DEFAULT current_timestamp(),
  `extension` varchar(10) DEFAULT NULL
) ENGINE=InnoDB DEFAULT CHARSET=utf8mb4;

--
-- Dumping data for table `groups`
--

INSERT INTO `groups` (`group_id`, `group_name`, `title`, `user_id`, `created_on`, `extension`) VALUES
(1, 'cooking_shooking_202', 'cooking shooking 202', 1, '0000-00-00 00:00:00', 'jpg'),
(2, 'family_201', 'family space 201', 1, '0000-00-00 00:00:00', 'jpg'),
(3, 'friends_50', 'friends forever 50', 1, '0000-00-00 00:00:00', 'jpg'),
(6, 'chess_905', 'chess club 900', 1, '0000-00-00 00:00:00', 'jpg'),
(7, 'chess_7', 'chess club 800', 1, '2022-12-08 11:30:47', 'jpg'),
(8, 'golf_buddies_1', 'Golf Club', 1, '2022-12-08 11:33:01', 'jpg'),
(9, 'dr', 'ef', 1, '2022-12-08 11:34:31', NULL),
(10, 'sd', 'ed', 1, '2022-12-08 11:34:42', NULL),
(11, 'efx', 'sd', 1, '2022-12-08 11:35:44', NULL),
(12, 'fg', 'f g', 1, '2022-12-08 11:47:12', NULL),
(40, 'bgc', 'bgc', 4, '2023-02-02 21:46:21', NULL),
(41, 'ui', 'ui', 4, '2023-02-02 21:47:25', NULL),
(42, 'h9', 'ihu', 4, '2023-02-05 14:26:14', NULL),
(43, 'nui', 'uig', 1, '2023-02-07 16:22:04', NULL),
(44, 'vdf', 'vdf', 1, '2023-02-07 16:25:47', NULL),
(45, 'nhj', 'nhj', 1, '2023-03-02 20:37:29', NULL),
(46, 'mk', 'mk', 1, '2023-03-05 14:38:28', NULL),
(47, 'mj', 'mj', 9, '2023-03-05 17:49:07', NULL),
(49, 'vg', 'vg', 10, '2023-03-08 01:16:07', NULL),
(50, 'nj', 'nj', 10, '2023-03-08 01:17:21', NULL),
(51, 'k', 'k', 1, '2023-03-16 06:42:18', NULL);

-- --------------------------------------------------------

--
-- Table structure for table `group_media`
--

CREATE TABLE `group_media` (
  `group_media_id` int(20) NOT NULL,
  `group_id` int(20) NOT NULL,
  `user_id` int(20) NOT NULL,
  `media_type` int(5) NOT NULL,
  `text` varchar(200) NOT NULL,
  `time_sent` datetime NOT NULL DEFAULT current_timestamp()
) ENGINE=InnoDB DEFAULT CHARSET=utf8mb4;

--
-- Dumping data for table `group_media`
--

INSERT INTO `group_media` (`group_media_id`, `group_id`, `user_id`, `media_type`, `text`, `time_sent`) VALUES
(3, 3, 1, 1, 'hello there !', '2022-12-11 19:42:05'),
(4, 3, 1, 1, 'hello there !', '2022-12-11 19:42:07'),
(5, 1, 1, 1, 'hello there !', '2022-12-11 19:42:54'),
(6, 1, 1, 1, 'hello there !', '2022-12-11 19:43:50'),
(7, 1, 1, 1, 'hello there !', '2022-12-11 23:11:27'),
(8, 1, 1, 1, 'hello there !weufn oiujn noiejfnc ', '2022-12-12 22:24:36'),
(9, 1, 1, 1, 'hello there !weufn oiujn noiejfnc uNrhfbu ihbv ibh bvd ghbwf gbsdj uyygbsd', '2022-12-12 22:24:46'),
(10, 1, 1, 2, 'png', '2023-01-25 18:15:49'),
(11, 1, 1, 2, 'jpg', '2023-01-25 18:19:36'),
(12, 3, 1, 2, 'png', '2023-01-25 18:26:57'),
(20, 7, 1, 1, 'hello there !', '2023-01-29 07:02:06'),
(21, 7, 1, 1, 'hello there !', '2023-01-29 07:02:12'),
(22, 7, 1, 1, 'hello there !njui', '2023-01-29 07:02:41'),
(23, 3, 4, 1, 'hello there !', '2023-01-29 12:20:54'),
(24, 2, 1, 1, 'hello there !', '2023-01-29 23:30:13'),
(25, 1, 1, 2, 'jpg', '2023-01-30 09:10:29'),
(26, 1, 1, 2, 'jpg', '2023-01-30 09:12:39'),
(27, 1, 1, 2, 'jpg', '2023-01-30 09:13:23'),
(28, 3, 1, 2, 'jpg', '2023-01-30 09:31:25'),
(29, 3, 1, 2, 'jpg', '2023-01-30 09:32:28'),
(30, 1, 1, 1, '\0\0\0\0\0\0\0\0\0\0\0\0\0', '2023-01-30 10:01:57'),
(31, 3, 1, 1, '\0\0', '2023-01-30 10:02:15'),
(32, 3, 4, 1, 'hello there !', '2023-01-30 10:05:37'),
(33, 3, 4, 1, 'hello there !', '2023-01-30 10:07:09'),
(34, 3, 4, 1, 'ijb', '2023-01-30 10:07:14'),
(35, 3, 1, 1, 'hello there !', '2023-01-30 10:08:55'),
(36, 3, 1, 1, 'ravw', '2023-01-30 10:09:02'),
(37, 3, 1, 2, 'jpg', '2023-01-30 10:09:09'),
(38, 3, 1, 5, 'docx', '2023-01-30 10:09:25'),
(44, 7, 2, 1, 'hello there !', '2023-01-30 11:29:26'),
(45, 7, 2, 1, 'hello there !', '2023-01-30 11:29:53'),
(46, 7, 2, 5, 'pdf', '2023-01-30 11:30:55'),
(47, 2, 1, 1, 'hello thehire !', '2023-01-30 16:45:09'),
(48, 2, 1, 1, 'hello thehire !', '2023-01-30 16:45:11'),
(49, 2, 1, 1, 'hello thehire !', '2023-01-30 16:45:13'),
(50, 2, 1, 1, 'hello thehire !', '2023-01-30 16:45:17'),
(51, 2, 1, 1, 'hello there !', '2023-01-30 16:45:25'),
(52, 1, 1, 1, 'mjqqt%ymjwj%', '2023-01-30 16:59:28'),
(53, 2, 5, 1, 'hello there !', '2023-01-30 21:15:54'),
(54, 2, 1, 1, 'hello there !', '2023-01-30 21:15:58'),
(55, 2, 1, 1, 'uygujb', '2023-01-30 21:16:02'),
(56, 2, 1, 1, 'kbn', '2023-01-30 21:16:15'),
(57, 2, 1, 1, 'bhj', '2023-01-30 21:16:34'),
(58, 2, 1, 1, 'hello there !kjhgfhcv', '2023-01-30 22:09:54'),
(59, 6, 1, 1, 'hello there !', '2023-01-30 23:17:25'),
(60, 2, 1, 1, 'hello there !hfgc', '2023-02-01 03:33:02'),
(61, 2, 1, 1, 'xgfchv nmg ', '2023-02-01 03:33:08'),
(62, 2, 5, 1, 'hello there ! jht9 uy', '2023-02-01 03:33:30'),
(63, 2, 1, 1, 'kh', '2023-02-01 03:33:37'),
(64, 2, 1, 1, 'huj', '2023-02-01 03:33:40'),
(65, 2, 1, 1, 'uy9hp  urtuh ytruiy truy', '2023-02-01 03:33:47'),
(66, 1, 4, 1, 'hello there !', '2023-02-01 08:50:19'),
(79, 3, 4, 1, 'hello there !', '2023-02-02 23:36:43'),
(80, 3, 1, 1, 'hello there !', '2023-02-02 23:36:46'),
(81, 3, 1, 1, 'bhj', '2023-02-02 23:36:50'),
(82, 3, 4, 1, 'bhv', '2023-02-02 23:37:37'),
(83, 2, 1, 1, 'nbk', '2023-02-02 23:37:46'),
(84, 3, 1, 1, 'hello there !', '2023-02-03 00:00:54'),
(85, 3, 1, 1, 'jkhgc', '2023-02-03 00:00:57'),
(86, 3, 1, 1, 'gcx', '2023-02-03 00:01:01'),
(87, 3, 1, 1, 'hello there !jhv', '2023-02-03 00:03:26'),
(88, 3, 1, 1, 'm,nb', '2023-02-03 00:03:28'),
(89, 3, 1, 1, 'hello there !', '2023-02-03 00:04:13'),
(90, 3, 1, 1, 'jkhb', '2023-02-03 00:04:17'),
(91, 3, 4, 1, 'hello there !', '2023-02-03 00:34:20'),
(92, 3, 4, 1, 'hello there !', '2023-02-03 00:35:00'),
(93, 3, 4, 1, 'hello there !', '2023-02-03 00:42:34'),
(94, 3, 4, 1, 'hgf', '2023-02-03 00:42:42'),
(95, 3, 4, 1, 'hello there !', '2023-02-03 00:47:57'),
(96, 3, 4, 1, 'bbv', '2023-02-03 00:48:04'),
(97, 3, 4, 1, 'ihugyf iugyftc iuuygf ytfrd iihgefvscx iaghvdc iugefvd iytwgtfevsc iuhgvefds uhgyvdy uygv iugyvwefdc uigefvc iuegdvc iuhgdcv', '2023-02-03 00:48:26'),
(98, 3, 4, 1, 'hello there !', '2023-02-03 00:53:03'),
(99, 3, 4, 1, 'hvgc', '2023-02-03 00:53:10'),
(100, 3, 1, 2, 'jpg', '2023-02-04 06:49:17'),
(101, 3, 1, 2, 'jpeg', '2023-02-04 07:05:00'),
(102, 3, 1, 2, 'jpg', '2023-02-04 07:05:00'),
(103, 3, 1, 2, 'jpeg', '2023-02-04 08:01:55'),
(104, 3, 4, 2, 'jpg', '2023-02-04 08:24:24'),
(105, 3, 4, 2, 'jpg', '2023-02-04 08:24:34'),
(106, 3, 4, 2, 'jpeg', '2023-02-04 08:24:34'),
(107, 3, 1, 3, 'mp4', '2023-02-04 08:38:33'),
(108, 3, 1, 2, 'jpg', '2023-02-04 08:38:33'),
(109, 3, 1, 2, 'jpg', '2023-02-04 08:38:33'),
(110, 3, 1, 4, 'mp3', '2023-02-04 08:38:33'),
(111, 3, 1, 5, 'webp', '2023-02-04 09:54:32'),
(112, 3, 1, 3, 'mp4', '2023-02-04 09:54:32'),
(113, 3, 1, 4, 'mp3', '2023-02-04 09:54:32'),
(114, 3, 1, 2, 'jpeg', '2023-02-04 09:56:18'),
(115, 3, 1, 2, 'jpg', '2023-02-04 09:56:18'),
(116, 3, 1, 2, 'png', '2023-02-04 09:56:18'),
(117, 3, 1, 5, 'webp', '2023-02-04 09:56:18'),
(118, 3, 1, 5, 'pdf', '2023-02-04 09:57:28'),
(119, 3, 1, 5, 'docx', '2023-02-04 09:58:09'),
(120, 3, 1, 5, 'doc', '2023-02-04 09:58:09'),
(121, 3, 1, 5, 'txt', '2023-02-04 09:58:56'),
(122, 3, 1, 5, 'docx', '2023-02-04 10:04:47'),
(123, 3, 1, 2, 'png', '2023-02-04 10:04:47'),
(124, 3, 1, 2, 'jpg', '2023-02-04 10:04:47'),
(125, 3, 1, 5, 'docx', '2023-02-04 11:16:15'),
(126, 3, 1, 5, 'docx', '2023-02-04 11:20:48'),
(127, 3, 1, 2, 'png', '2023-02-04 11:20:48'),
(128, 1, 4, 2, 'jpeg', '2023-02-04 11:49:00'),
(129, 1, 4, 2, 'jpg', '2023-02-04 11:49:00'),
(130, 1, 4, 2, 'svg', '2023-02-04 11:49:00'),
(131, 1, 4, 3, 'mp4', '2023-02-04 11:49:00'),
(132, 1, 1, 5, 'docx', '2023-02-04 11:50:09'),
(133, 1, 1, 4, 'mp3', '2023-02-04 11:50:09'),
(134, 1, 1, 5, 'docx', '2023-02-04 11:50:09'),
(135, 1, 1, 1, '', '2023-02-04 11:54:54'),
(136, 1, 1, 1, '', '2023-02-04 11:57:23'),
(137, 1, 4, 1, '', '2023-02-04 12:00:10'),
(138, 1, 4, 1, '', '2023-02-04 12:00:14'),
(139, 3, 1, 1, '', '2023-02-04 14:23:13'),
(140, 3, 1, 1, '', '2023-02-04 14:24:37'),
(141, 1, 1, 6, '', '2023-02-04 20:58:46'),
(142, 1, 1, 6, '', '2023-02-04 20:58:50'),
(143, 1, 1, 1, 'hello there !', '2023-02-06 19:21:20'),
(144, 1, 1, 1, 'drg', '2023-02-06 19:21:27'),
(145, 1, 1, 1, 'hello there !', '2023-02-06 19:28:03'),
(146, 1, 1, 1, 'iuyf', '2023-02-06 19:29:13'),
(147, 1, 4, 1, 'hello there !', '2023-02-06 19:29:19'),
(148, 1, 1, 1, 'hello there !', '2023-02-06 19:30:04'),
(149, 1, 4, 1, 'hello there !', '2023-02-06 19:30:30'),
(150, 1, 4, 1, 'hello there !', '2023-02-06 19:31:16'),
(151, 1, 4, 1, 'fxgcnv ', '2023-02-06 19:31:22'),
(152, 1, 4, 1, 'ershg', '2023-02-06 19:31:42'),
(153, 1, 1, 1, 'hello there !', '2023-02-07 16:07:07'),
(154, 1, 1, 1, 'nkjhgc', '2023-02-07 16:07:12'),
(155, 2, 1, 1, 'hello there !', '2023-02-10 01:20:19'),
(156, 2, 5, 1, 'hello there !', '2023-02-10 01:56:02'),
(157, 2, 5, 1, 'bn', '2023-02-10 01:56:12'),
(158, 2, 5, 1, 'n', '2023-02-10 01:56:17'),
(159, 3, 1, 1, 'hello there !', '2023-02-12 14:32:30'),
(160, 3, 1, 1, 'hello there !', '2023-02-12 14:33:54'),
(161, 2, 4, 1, 'hello there !', '2023-02-13 15:03:16'),
(162, 46, 1, 1, 'hello there !', '2023-03-05 15:01:11'),
(163, 46, 1, 1, 'hello there !', '2023-03-05 15:03:04'),
(164, 46, 1, 1, 'uyhgvy', '2023-03-05 15:03:09'),
(165, 46, 1, 1, 'oihgv', '2023-03-05 15:03:29'),
(166, 46, 1, 1, 'kgc', '2023-03-05 15:03:33'),
(167, 46, 1, 6, '', '2023-03-05 15:03:36'),
(168, 46, 1, 2, 'jpg', '2023-03-05 15:03:55'),
(169, 46, 1, 1, 'hello there !', '2023-03-05 15:08:47'),
(170, 46, 1, 1, 'jhhgv ', '2023-03-05 15:08:52'),
(171, 7, 6, 1, 'hello there !', '2023-03-07 08:55:37'),
(172, 7, 6, 1, 'nn', '2023-03-07 08:55:45'),
(173, 7, 2, 1, 'hello there ! gikn iuyg iygb yugb iuuhb 87yuhb yugvhugv v67gv 76ygv 76ygv 65f 56tfgv 6uytgv g7u6ytfgv v7ytghv7tghnb 6yt ghb57tyghh6tyh bgvytvg bvgftgvb vfgvb tyghm ytfv vvgi6yh 76tyhb', '2023-03-07 14:00:47'),
(174, 50, 10, 1, 'hello there !', '2023-03-08 01:18:01');

-- --------------------------------------------------------

--
-- Table structure for table `group_members`
--

CREATE TABLE `group_members` (
  `group_id` int(20) NOT NULL,
  `user_id` int(20) NOT NULL
) ENGINE=InnoDB DEFAULT CHARSET=utf8mb4;

--
-- Dumping data for table `group_members`
--

INSERT INTO `group_members` (`group_id`, `user_id`) VALUES
(1, 1),
(1, 4),
(1, 5),
(1, 7),
(2, 1),
(2, 4),
(2, 5),
(3, 1),
(3, 3),
(3, 4),
(3, 7),
(6, 1),
(6, 4),
(6, 7),
(7, 1),
(7, 2),
(7, 4),
(7, 5),
(7, 6),
(7, 7),
(8, 7),
(40, 1),
(41, 1),
(42, 4),
(43, 1),
(44, 1),
(45, 1),
(46, 1),
(47, 9),
(49, 10),
(50, 1),
(50, 6),
(50, 10),
(51, 1);

-- --------------------------------------------------------

--
-- Table structure for table `media_types`
--

CREATE TABLE `media_types` (
  `media_type_id` int(5) NOT NULL,
  `type` varchar(20) NOT NULL
) ENGINE=InnoDB DEFAULT CHARSET=utf8mb4;

--
-- Dumping data for table `media_types`
--

INSERT INTO `media_types` (`media_type_id`, `type`) VALUES
(4, 'audio'),
(7, 'call_audio'),
(8, 'call_video'),
(5, 'document'),
(2, 'image'),
(6, 'location'),
(1, 'message'),
(3, 'video');

-- --------------------------------------------------------

--
-- Table structure for table `member_types`
--

CREATE TABLE `member_types` (
  `member_type_id` int(5) NOT NULL,
  `type` varchar(20) NOT NULL
) ENGINE=InnoDB DEFAULT CHARSET=utf8mb4;

--
-- Dumping data for table `member_types`
--

INSERT INTO `member_types` (`member_type_id`, `type`) VALUES
(1, 'founder'),
(2, 'manager'),
(3, 'regular');

-- --------------------------------------------------------

--
-- Table structure for table `users`
--

CREATE TABLE `users` (
  `user_id` int(20) NOT NULL,
  `user_name` varchar(20) NOT NULL,
  `first_name` varchar(20) NOT NULL,
  `last_name` varchar(20) NOT NULL,
  `e_mail` varchar(30) DEFAULT NULL,
  `mobile` varchar(20) DEFAULT NULL,
  `created_on` timestamp NOT NULL DEFAULT current_timestamp(),
  `pass_word` varchar(20) NOT NULL,
  `extension` varchar(10) DEFAULT NULL,
  `profile_picture` mediumblob NOT NULL
) ENGINE=InnoDB DEFAULT CHARSET=utf8mb4;

--
-- Dumping data for table `users`
--

INSERT INTO `users` (`user_id`, `user_name`, `first_name`, `last_name`, `e_mail`, `mobile`, `created_on`, `pass_word`, `extension`, `profile_picture`) VALUES
(1, 'murtaza_1', 'murtaza', 'ezzy', NULL, NULL, '2022-09-14 16:54:18', '1', 'jpg', 0xffd8ffe000104a46494600010101012c012c0000ffe1004c45786966000049492a000800000002000e0102001e0000002600000012010300010000000100000000000000677265656e20636c6f73652d75702070686f746f206f662062616d626f6fffe10540687474703a2f2f6e732e61646f62652e636f6d2f7861702f312e302f003c3f787061636b657420626567696e3d22efbbbf222069643d2257354d304d7043656869487a7265537a4e54637a6b633964223f3e0a3c783a786d706d65746120786d6c6e733a783d2261646f62653a6e733a6d6574612f223e0a093c7264663a52444620786d6c6e733a7264663d22687474703a2f2f7777772e77332e6f72672f313939392f30322f32322d7264662d73796e7461782d6e7323223e0a09093c7264663a4465736372697074696f6e207264663a61626f75743d222220786d6c6e733a70686f746f73686f703d22687474703a2f2f6e732e61646f62652e636f6d2f70686f746f73686f702f312e302f2220786d6c6e733a4970746334786d70436f72653d22687474703a2f2f697074632e6f72672f7374642f4970746334786d70436f72652f312e302f786d6c6e732f22202020786d6c6e733a4765747479496d61676573474946543d22687474703a2f2f786d702e6765747479696d616765732e636f6d2f676966742f312e302f2220786d6c6e733a64633d22687474703a2f2f7075726c2e6f72672f64632f656c656d656e74732f312e312f2220786d6c6e733a706c75733d22687474703a2f2f6e732e757365706c75732e6f72672f6c64662f786d702f312e302f222020786d6c6e733a697074634578743d22687474703a2f2f697074632e6f72672f7374642f4970746334786d704578742f323030382d30322d32392f2220786d6c6e733a786d705269676874733d22687474703a2f2f6e732e61646f62652e636f6d2f7861702f312e302f7269676874732f222070686f746f73686f703a4372656469743d22476574747920496d616765732f6953746f636b70686f746f22204765747479496d61676573474946543a417373657449443d22313333393335313132352220786d705269676874733a57656253746174656d656e743d2268747470733a2f2f7777772e6973746f636b70686f746f2e636f6d2f6c6567616c2f6c6963656e73652d61677265656d656e743f75746d5f6d656469756d3d6f7267616e696326616d703b75746d5f736f757263653d676f6f676c6526616d703b75746d5f63616d706169676e3d6970746375726c22203e0a3c64633a63726561746f723e3c7264663a5365713e3c7264663a6c693e4a6f686e2057616974653c2f7264663a6c693e3c2f7264663a5365713e3c2f64633a63726561746f723e3c64633a6465736372697074696f6e3e3c7264663a416c743e3c7264663a6c6920786d6c3a6c616e673d22782d64656661756c74223e677265656e20636c6f73652d75702070686f746f206f662062616d626f6f3c2f7264663a6c693e3c2f7264663a416c743e3c2f64633a6465736372697074696f6e3e0a3c706c75733a4c6963656e736f723e3c7264663a5365713e3c7264663a6c69207264663a7061727365547970653d275265736f75726365273e3c706c75733a4c6963656e736f7255524c3e68747470733a2f2f7777772e6973746f636b70686f746f2e636f6d2f70686f746f2f6c6963656e73652d676d313333393335313132352d3f75746d5f6d656469756d3d6f7267616e696326616d703b75746d5f736f757263653d676f6f676c6526616d703b75746d5f63616d706169676e3d6970746375726c3c2f706c75733a4c6963656e736f7255524c3e3c2f7264663a6c693e3c2f7264663a5365713e3c2f706c75733a4c6963656e736f723e0a09093c2f7264663a4465736372697074696f6e3e0a093c2f7264663a5244463e0a3c2f783a786d706d6574613e0a3c3f787061636b657420656e643d2277223f3e0affe20c584943435f50524f46494c4500010100000c484c696e6f021000006d6e74725247422058595a2007ce00020009000600310000616373704d5346540000000049454320735247420000000000000000000000000000f6d6000100000000d32d4850202000000000000000000000000000000000000000000000000000000000000000000000000000000000000000000000001163707274000001500000003364657363000001840000006c77747074000001f000000014626b707400000204000000147258595a00000218000000146758595a0000022c000000146258595a0000024000000014646d6e640000025400000070646d6464000002c400000088767565640000034c0000008676696577000003d4000000246c756d69000003f8000000146d6561730000040c0000002474656368000004300000000c725452430000043c0000080c675452430000043c0000080c625452430000043c0000080c7465787400000000436f70797269676874202863292031393938204865776c6574742d5061636b61726420436f6d70616e790000646573630000000000000012735247422049454336313936362d322e31000000000000000000000012735247422049454336313936362d322e31000000000000000000000000000000000000000000000000000000000000000000000000000000000000000000000000000058595a20000000000000f35100010000000116cc58595a200000000000000000000000000000000058595a200000000000006fa2000038f50000039058595a2000000000000062990000b785000018da58595a2000000000000024a000000f840000b6cf64657363000000000000001649454320687474703a2f2f7777772e6965632e636800000000000000000000001649454320687474703a2f2f7777772e6965632e63680000000000000000000000000000000000000000000000000000000000000000000000000000000000000000000064657363000000000000002e4945432036313936362d322e312044656661756c742052474220636f6c6f7572207370616365202d207352474200000000000000000000002e4945432036313936362d322e312044656661756c742052474220636f6c6f7572207370616365202d20735247420000000000000000000000000000000000000000000064657363000000000000002c5265666572656e63652056696577696e6720436f6e646974696f6e20696e2049454336313936362d322e3100000000000000000000002c5265666572656e63652056696577696e6720436f6e646974696f6e20696e2049454336313936362d322e31000000000000000000000000000000000000000000000000000076696577000000000013a4fe00145f2e0010cf140003edcc0004130b00035c9e0000000158595a2000000000004c09560050000000571fe76d6561730000000000000001000000000000000000000000000000000000028f0000000273696720000000004352542063757276000000000000040000000005000a000f00140019001e00230028002d00320037003b00400045004a004f00540059005e00630068006d00720077007c00810086008b00900095009a009f00a400a900ae00b200b700bc00c100c600cb00d000d500db00e000e500eb00f000f600fb01010107010d01130119011f0125012b01320138013e0145014c0152015901600167016e0175017c0183018b0192019a01a101a901b101b901c101c901d101d901e101e901f201fa0203020c0214021d0226022f02380241024b0254025d02670271027a0284028e029802a202ac02b602c102cb02d502e002eb02f50300030b03160321032d03380343034f035a03660372037e038a039603a203ae03ba03c703d303e003ec03f9040604130420042d043b0448045504630471047e048c049a04a804b604c404d304e104f004fe050d051c052b053a05490558056705770586059605a605b505c505d505e505f6060606160627063706480659066a067b068c069d06af06c006d106e306f507070719072b073d074f076107740786079907ac07bf07d207e507f8080b081f08320846085a086e0882089608aa08be08d208e708fb09100925093a094f09640979098f09a409ba09cf09e509fb0a110a270a3d0a540a6a0a810a980aae0ac50adc0af30b0b0b220b390b510b690b800b980bb00bc80be10bf90c120c2a0c430c5c0c750c8e0ca70cc00cd90cf30d0d0d260d400d5a0d740d8e0da90dc30dde0df80e130e2e0e490e640e7f0e9b0eb60ed20eee0f090f250f410f5e0f7a0f960fb30fcf0fec1009102610431061107e109b10b910d710f511131131114f116d118c11aa11c911e81207122612451264128412a312c312e31303132313431363138313a413c513e5140614271449146a148b14ad14ce14f01512153415561578159b15bd15e0160316261649166c168f16b216d616fa171d17411765178917ae17d217f7181b18401865188a18af18d518fa19201945196b199119b719dd1a041a2a1a511a771a9e1ac51aec1b141b3b1b631b8a1bb21bda1c021c2a1c521c7b1ca31ccc1cf51d1e1d471d701d991dc31dec1e161e401e6a1e941ebe1ee91f131f3e1f691f941fbf1fea20152041206c209820c420f0211c2148217521a121ce21fb22272255228222af22dd230a23382366239423c223f0241f244d247c24ab24da250925382568259725c725f726272657268726b726e827182749277a27ab27dc280d283f287128a228d429062938296b299d29d02a022a352a682a9b2acf2b022b362b692b9d2bd12c052c392c6e2ca22cd72d0c2d412d762dab2de12e162e4c2e822eb72eee2f242f5a2f912fc72ffe3035306c30a430db3112314a318231ba31f2322a3263329b32d4330d3346337f33b833f1342b3465349e34d83513354d358735c235fd3637367236ae36e937243760379c37d738143850388c38c839053942397f39bc39f93a363a743ab23aef3b2d3b6b3baa3be83c273c653ca43ce33d223d613da13de03e203e603ea03ee03f213f613fa23fe24023406440a640e74129416a41ac41ee4230427242b542f7433a437d43c044034447448a44ce45124555459a45de4622466746ab46f04735477b47c04805484b489148d7491d496349a949f04a374a7d4ac44b0c4b534b9a4be24c2a4c724cba4d024d4a4d934ddc4e254e6e4eb74f004f494f934fdd5027507150bb51065150519b51e65231527c52c75313535f53aa53f65442548f54db5528557555c2560f565c56a956f75744579257e0582f587d58cb591a596959b85a075a565aa65af55b455b955be55c355c865cd65d275d785dc95e1a5e6c5ebd5f0f5f615fb36005605760aa60fc614f61a261f56249629c62f06343639763eb6440649464e9653d659265e7663d669266e8673d679367e9683f689668ec6943699a69f16a486a9f6af76b4f6ba76bff6c576caf6d086d606db96e126e6b6ec46f1e6f786fd1702b708670e0713a719571f0724b72a67301735d73b87414747074cc7528758575e1763e769b76f8775677b37811786e78cc792a798979e77a467aa57b047b637bc27c217c817ce17d417da17e017e627ec27f237f847fe5804780a8810a816b81cd8230829282f4835783ba841d848084e3854785ab860e867286d7873b879f8804886988ce8933899989fe8a648aca8b308b968bfc8c638cca8d318d988dff8e668ece8f368f9e9006906e90d6913f91a89211927a92e3934d93b69420948a94f4955f95c99634969f970a977597e0984c98b89924999099fc9a689ad59b429baf9c1c9c899cf79d649dd29e409eae9f1d9f8b9ffaa069a0d8a147a1b6a226a296a306a376a3e6a456a4c7a538a5a9a61aa68ba6fda76ea7e0a852a8c4a937a9a9aa1caa8fab02ab75abe9ac5cacd0ad44adb8ae2daea1af16af8bb000b075b0eab160b1d6b24bb2c2b338b3aeb425b49cb513b58ab601b679b6f0b768b7e0b859b8d1b94ab9c2ba3bbab5bb2ebba7bc21bc9bbd15bd8fbe0abe84beffbf7abff5c070c0ecc167c1e3c25fc2dbc358c3d4c451c4cec54bc5c8c646c6c3c741c7bfc83dc8bcc93ac9b9ca38cab7cb36cbb6cc35ccb5cd35cdb5ce36ceb6cf37cfb8d039d0bad13cd1bed23fd2c1d344d3c6d449d4cbd54ed5d1d655d6d8d75cd7e0d864d8e8d96cd9f1da76dafbdb80dc05dc8add10dd96de1cdea2df29dfafe036e0bde144e1cce253e2dbe363e3ebe473e4fce584e60de696e71fe7a9e832e8bce946e9d0ea5beae5eb70ebfbec86ed11ed9cee28eeb4ef40efccf058f0e5f172f1fff28cf319f3a7f434f4c2f550f5def66df6fbf78af819f8a8f938f9c7fa57fae7fb77fc07fc98fd29fdbafe4bfedcff6dffffffed006c50686f746f73686f7020332e30003842494d040400000000004f1c0250000a4a6f686e2057616974651c0278001e677265656e20636c6f73652d75702070686f746f206f662062616d626f6f1c026e0018476574747920496d616765732f6953746f636b70686f746f00ffdb0043000201010101010201010102020202020403020202020504040304060506060605060606070908060709070606080b08090a0a0a0a0a06080b0c0b0a0c090a0a0affdb004301020202020202050303050a0706070a0a0a0a0a0a0a0a0a0a0a0a0a0a0a0a0a0a0a0a0a0a0a0a0a0a0a0a0a0a0a0a0a0a0a0a0a0a0a0a0a0a0a0a0a0a0a0a0a0affc0001108015301fd03012200021101031101ffc4001f0000010501010101010100000000000000000102030405060708090a0bffc400b5100002010303020403050504040000017d01020300041105122131410613516107227114328191a1082342b1c11552d1f02433627282090a161718191a25262728292a3435363738393a434445464748494a535455565758595a636465666768696a737475767778797a838485868788898a92939495969798999aa2a3a4a5a6a7a8a9aab2b3b4b5b6b7b8b9bac2c3c4c5c6c7c8c9cad2d3d4d5d6d7d8d9dae1e2e3e4e5e6e7e8e9eaf1f2f3f4f5f6f7f8f9faffc4001f0100030101010101010101010000000000000102030405060708090a0bffc400b51100020102040403040705040400010277000102031104052131061241510761711322328108144291a1b1c109233352f0156272d10a162434e125f11718191a262728292a35363738393a434445464748494a535455565758595a636465666768696a737475767778797a82838485868788898a92939495969798999aa2a3a4a5a6a7a8a9aab2b3b4b5b6b7b8b9bac2c3c4c5c6c7c8c9cad2d3d4d5d6d7d8d9dae2e3e4e5e6e7e8e9eaf2f3f4f5f6f7f8f9faffda000c03010002110311003f00f99be3bda999a1b81134ac97cbe5436ea7f78db800b8c7249e060724d77df0e3c33fb597863c3efa3e93fb0f7882f6e564665fed1d1efd6e6375dc0e2342bb86719ca93f28e95c1fc7b2f6de1c791944ad1bf9858afca4f503f4f6a6787ff6c0f8d91f87d755d0745f0620bb0b247763e1fe985d64c966532b42ccc3e6e84f5ebd01afe42c1e1a58bcaa29c632576bdebdbf0f9fe871d08e1a526eae8edd93fcd7a6c7d27e08f8a3ff000513f098860d33f60dd76d658e767b57ff00842ef0c4c41217864ce73bb2d927a0c0ea7d7347fdbb7fe0a97a0d829d47f646892d6de55f316efc277a37608c866565c2e7e5ec457c29e0afdaa7f6bdf10ebbfd8d6da8f87225daebbedfc07a3024282c79368779c038ea79e0d7b8f80be26fedc5ae68a2cb4df8f9e2dd1a023fd1d7c3f7c74b87afce4a592463277679c05c715c18bc3432af76f4e17e9194dfe17479fed2946afb95a77eca31b7e3d0f54f8b5fb417fc1413e276af73ac49fb3c7f664334ed2dbe970f866e8f931e77840d212cc00c727ae33e95f227ed23f0eff698f10dbea7e34f1f7c39d46d6d92169aeda1d3664d8003824fb63f0afa3be23c1fb4e785345b5b8f0ffed09f13ad2e22b355b5963f1eea11a44d92cc76acbfde24e060727debe6af8a7fb47feda5a5dcac3ad7ed65f122e2ee43e4dd9bef1aea2e27b7113931346f318d813c36e1dd78e4939643ec6be3bdad29479d6f78bbff00e94edeb6f91c58b861dd44ebd59bbbbed1b5fd2ebf3b1f0ef8f63fb3da1bab79b2b110e8471f32953815f4069334175ad7da89658995da26451c0eb9f7e3b5784f8be09750b796c81450272aa770c649c027e83afd2bd9fc1ee4f87fc3d7dbd6413e936fbdd18f530ae474e72c335fb2678b9b074bbfbcbef49fe87938a946a61b9d2babd93feba1e93a945697de1b643f78c630ddf83c1fae3f9578a5b33e9ff166d0c72b9dc482adce41dd8fd6bd9a397ed5a31914c6235de8803e7f8461b815e2be20bafecbf88f61322aaffc4c22ccad819e703a0c639233fe4fcce4517fbea7dd3fc8d2a4939c2696ed2bf91ea7f1eb418e4f060d646d2b1ed046d3f29c83d78eff00ad73f66164d11d2589fed042be589e385231db18fe55d57c6146b9f004b128525a0016376e012a7f1ea3f5ae674a0bfd879f307ef429894739017048e3d7823deb9b01397f674537b49fe87bd99439141b5a5cebf478ede485e66691191810c467e5ddc647f9e95ecff03cf9b7a4c6ff002183e7040c1391eb5e35e1858639261762451f67618d833bc26e5e0e3b9009f4fcabd7fe033b41a8aa48992c9f772320f718af92e20bac24c9c249ac625631bf6b9b78347d0998ba143791a8655ddb01c8c823a13d3d3919af04f0d4eeba8c3a65f5e158e2b960c49f9436300b639f6fff00557d31fb5ce88fab782eda0ba8c1125f5ac614bec015a60accc7b001c927b62be51d66692df57fb5244163bc8e270d18ef8049cfd6bd6e106b1392f2f5bbfd3fcd9e966d08ac2a9db56dafcac7dd1fb287886d0dd2585b46555a24973303f31e9b87b73d0d7a97c6db349749675555665fbcc80838cf1c8e7b57cd9fb2bf8d15b51d1a3bb7568fcaf23e53b5914f18271cff0009f5c77afa8bc7d6ff00da9a1f91927e52fe5c9838da00cfe35f91711d2781cf15d6eff23a72d71ab97496f63f3bbc63e1997c39fb4378af5795488e4f0fadd4676f20b43f6638ff0081eeae7342bcd2347f8d1e0ad5b5ad423b6b3b4f15e9725ddccc76a5bc2b3a33b37fbab924f4af61fda23c3ada75c5f6bedfeb67823b297728c85331981f7cec7ce7fc6be7af195edbe9fe34d3354ba87ce82cb53b59a48654cac88a55981c82083c8c77afdd321aef31c3c24ff9147ff018a5fa9f23edea51c6a5cba5dfe3afe05cf87169a5d9f8b65b082517d0db9945b5ca8203aa6edb20040e0a8dd8c03815ea1a95c5dcfa1c6b24c42845db1eef971f360e3a6704e0fa1af35f879777b6fab0beb29d90b33abb7960f991b02a400411d0b139f6ee2bd275fbbb73a3234b9e635391b949c700e093fe1cf6e2ab37e696362f7d8f260fd9ba9ed23d4c4f89913c5fb3e788dcdec7e60d7ac8aa4870141b1d4012c720601d9fe739b1fb1e4d059786eea3bab4d9786384ea1347741d25fde4a50a80dc10a707a6702aafc438e09ff667f16cc83f7cbabd9ab076380af61a99fc4e63fe55cf7ec1d64d6f0ead7302295956d411e5f030d2e33ebffeba788a5cfc2f89727b4e3f3f84fa5ccab52852a568ddb826bcb577fc0fb97e1a35e08da283222768e4707214ede149ff00beb1d8735f567ecdb0a991ee4ce155bccdb1a74e87d7d4d7ca7f0da6bb85638d6e5889b0b3ac7c0603048fc0ae71ec2beb3fd9be1b4b7b732024cbe412b8601579ea463935f8641ffc2c457afe071e12f7d4fa13c29b3ec2679242993b89231ce3a0ae63e244890d9ec4cc6c724f420820ff00f5aba9f0fab9b0589a3036e33cf5e2b94f89f1ba5a1973c004a63a0183c57ab8c97b87b115647e167c63f17ff607fc155fc75addcceeb15ea6a3a63c8064b24d6325a1e38ebf77f1af07f13c49a078174cb6b60c8904902f0a71e9fe7eb5e85fb605f5ce91fb7df8cb5dd3d424b1f89679212cbd08b8703ebd3f4ae57e3bdafd8be1e457374bb657759198ae33939cd7f45e59513c3e013fb74e9fe11ff82cf169fb49c5b4f4bd9fde63fc29b63a87c49b922e06e577e0b0032582f7e39cf7afb7fe0a46f3d807bb85e5102336f62407c85ca9e9cf23debe33fd9f34f4bbf1b6ad75e5a968d9108ea006249fd12bedef85135d41e1eb6b1935095d0ccf2c368798d5e444577542786710c793df62f602be33c44aaaea1d525f92fd0f1715293c57bdff000743dcbe1bead3e99a116b8bc49e696d17682cfbe1f2c9511b12391b1148032002a320f03c87f69fd424bb9bece02b79d22c68db71b89c018cf4ebc57af783ade3834cdb1dbb97780c8d9504edc75e7a715e13f1ee6d2353d76d6df5ebe92df4fb8bf8c5f5cc4a19a184b8f3180e7242e78afcbb27ab3c46369c5ec9bfebf13d0a926a828f7697f4cf8ff5e9a3b9f16bbc93b3aa5acf34833909ba331a673d3975cfafd6a5d1a59e1d39da1b90885802d9e7354b51697fb5758b9927dee6216d2f1f7d99c48393dbf727ae7afa9cd5cb78a38fc3ef313b762eeda0722bf7fab1e5c3538f748e28a9d3cb5a8bebff000e7e94fc01f881a3782ffe089ba8e9cbe1bd3b519bc51f19e0d22f4df68acc6d96d74c86f04c9342764771be48f6990b168cc800cf2bf2fdec8679269261bd94158a512ef070727a9f7efeb5a3f0e7e297c57d4bf645f057c2ef10c7a3ff00c23dff00091eb1ae787962b08daf24464b5b07769465d17ced3eeb81b4118c96da81329619a48a4280e6342cea00257f3ea3fc2be7b8d730faee674a9ada952a71d7bd937f9a5f21632aca7282ec97e3afea79afc55b9b68db23679a4ed6651c918c0feb81db9adbf82362cda6db1f3951e5002ef5c8196391c7b1eb5ca7c78d45162f2e2642d1202d281c927e6e4fd4fe95da7c2285a2d334e8991919ad43b3141d58018c8fcc0f73eb5c58a4e191c5f77f9233a5ecd55d15ecaff3b9f617ec7a8da4f85fc5dadce7cbf2bc2ed0248db4e5e7bcb68b001ebf297e47a57d19f080cc6c95dd518488a22000c9e3a103803a57cfff00b3dc36e9f08f5e3048b14f7379a5db4a8f18db83f6894f24f1cc0879f5ed5f4d7c24b3b216465b60ab1ee50b1cab8200c0c903a74e7938cd7e298e94ea6689c7a27f9b3eb29a5f57a497f2dfe6e4cf7ef80d616cff0011b49b9b889b16fa8753c6d2b6b72e7e53ef1afe95f83dff0005aaf151f147ed677d1a5e298ed7c32a1514923f7971712f7f50cbfa57eef7c24d68e8ba46abe210c4b59699a85d0247468e3b7894e3af4b97fcabf9daff00829478825d5ff6a8f1cadcb973a72d9592b3631f25b47903db731afd07c39a7edf8ae165f0539cbef9538afd4ebc742f9761e296f36feeb1e27a0b43616709c925635057df19c75f7fc6ba6b3b777f0a48567024908c2a8ea0e7f9645729a73b9b08628e60a8573fef305e83f0aee3c2f07da3ec96f708be5acde7c819090523fde3e76827a29e838cd7ee98dba77f33e5e6bda569697bdedf33d5ff00601f16c3e05ff828efc1ff00145d2b793a27c41b29a7f2df931ab10c3af3f2f1f9d6bfc0ab6bdbcd6f4b9527fb3dc36a49288a3b756008271f31ec324153c104e738c5737ff04f9b2f11ea9fb74fc2f93c45f0ff0051bab7d6fc756f68ae6c192299e667806d6c636879073d0118c8ad8f067c51f0b787b4bd4fc4d776b241258c77296b143a7dda312a926d6071b0b1380e7200284fd7e2f3fa55e5394292bcb920b4d756e7fa9eb62a956a7818ded673937776d1287e2790f82eedbc4de2fd6bc6b7376a8d7dadc51cee7013fd2a59a56271db111e8315f467c12b1d4749f11c292c1233c7673c0f09254832a3459182092324fa1c60f04d7cd3f0acda41e189669f5193ceb9d62006d84195090c12e5f767a933e0003b13e82beb4f8790d8eafe30b7bd85dae52e36cd3e2df61dc51183107a02d23607fb24fa563c673fabc7923b72bfc125fa9f1d0b54c5dd6f1b75ef7bbf9591f62fc0d821b8d4749d1fc3d7379790dbbe2d64bc8d61dcc4fcc542b1c7278cb135f63fc22b26834e333c253084aa37718ef5f247ecdba648355b649627114572bb151be50e0127938ffeb6457dade06d3c47a53152182da80bb4f419ff00f50afc972684ab529d6b6edfa6d65fd791eee194e5ab3cd7e3eea36a34b686653be4b811f97b06dd9cf39ce7a91c6315f8b3e31d5c5c7c47f10f88676260bed53529d980393e64eed81eff0037e95fb1dfb4dea26c3469ae4e17ca0d2fcdc050aa589afc5dd6c1b9d363d42e0619ac9e5660c3e624e49c63a9e3ff00d75eb707733ceb172974f66bff004a7fa1e7e3a6e3888b5e67cefa15bba3e9ba62b6527bb69e439fe14cb11fa13f857a17c225d1e3d5adae6eed05f1786749e2bb2523477592349136b6495dc920ce06f50082a3e6e0ec9d3fe12cbad8404b3b69624e981c15cfe3b8d7aafc18b4b3ba536925a33f986229920797b7ab723278246071c827a015fb9e715bd9e1652eebf3bfe9633cc66bd84525ab5f8e9fe47da3fb336949712597d92d890ca19f919cf1d49f7afb56db4dcf866396e278a355b02258d891bc918e06d23f8b2738ce3af35f2efec95a1b442dc3a1036282ce47cdd5b9f7fe5e95f5aeaab6cbe12937483f776a3121608ae42e4e3d791dbae057e1983719cebd5bf57f81ea65f19430d1d0fcf6fdbaf57bb7d5eeade5dc8161750327196c819233e87ebc7b0afcfbf1a789ee3599afc4f33158dc5ba9ddce231b7bf418c62bee9fdbbf575b6bcd52194157f932cce1b78e3a11c756fcba57c09e24d2756d12068b5981a19ae9bed010904bc6e1595b20e0a9cff31dabf4bf0ea9c6797ba92ddbd3bf7673d276c55592eaff004b7e97fbcccd155647cb6ee1b2a01ebf8d7a65b18e6f1069b631a11e4582045c7264724f41ed8e2bcf7c2b1f9da8456f2646e7f9b9e7e831eb5e9de16b386ebc613c90c4c7ecf284f9f1b42a8031cf7c839afb6cda6a2eefa27fa231cc5b82e7876b7e2bfaf91f517ece9a0c935edbecb6d8e4ab126400b1f979e73df1efd6bee3f867e179e6d04dc7972f9923e64dac073d339cf2320d7c93fb33e9315cde4122ae1caaef8c8e41c7279e71d3f5fc7ee6f875653c5e1f487cdc2c6aaa0b7aed048e07a9afe6ace310aae76efad91e9e079671735b36cfcf9f8fba6dc4fe08bd8d645531603e3dd87f415c37ece7671ea9e0cd32ca6b88bcbdf7492075c636ceea0927d8af3efef5eb3f1bed524f095f2bdbb2b3ae18ee279f7c7e15e33fb383cf6fa64d6916f6f2b5bb88cc527191889f6f1ee5abea32da8eaf0e5449ed24ff0006bf53dbad2e54a57eba9ef1f0dfc216adacbcbb2dda01b6393f78a1c332bb70b9058611812381c6705973f667c07f0ec16fa0433c10b6c59151984a3289c300067279e7d067debe49f08269a9e2db3d4c5bb44015c429961b8272c4fa6ee48e719f6afb27e025e4735a496da5dafee81262050e41c8ce78ce78ff000af8ac46225f5e577ba230728b94922cfc68b2d2e1d14dcdd42b298ad9800c0e382e3af51dbf5af813f6bfb5b19ed996c74d4b7698cc4bf96492cb0b11f9e0ff00915fa2df1dbc3b7b7be06789216fdda3ef743df2c79f6c1c7e1ef5f9effb4ddb191d62b989632a4ed6dfb87faa704e0f4cee3f4a3299f2710425e5fd7a9e767d2a94e364ec9dbf4bff005e67e7bf890896cae0ccbb49624b8e9915e93f07b55137c2ef0e5e48fbd921960f9bd63b8913b7a2802bcf3c456a124bc10163c9c0ef82791fe7daba1f857ad9d2be1759d8dccdb562d52eb66e18c29937707ea4d7f48e654bdbe5b151fe75f8c65ff00e76a5f536edaab1ef7a16ad6dfd8725b4bb7ceb8f963f90b6d0a37330f4381c9f4cd78afc5eba165ab0bc0fb9a099640d8ee0827a77e3f3afbaff00e09a5e05f016bda078c3e3578fa2b7bcd26cf46bcd0228e7b8b61144fa85a3c2f215760e1bcb91424aa303e70373703e32fdb6fc2da7fc1ef8d5aefc3e4f1059ea696b721edaf6caf5668e485c074e54e03857c3271b587a609f93c8393fb5e5452f7b56d7dc75e3b2ec4d3cb6962d7c32fe97de7a278fd21bcf0d23111b96b60e338ce3b7b74e38acad1adee1fc3f15d4d1a81b7cb8d8a67f8411cf03d463da8b7d553c41f0d747d5607de971a5c24b919070067e873f97356bc2811f4636b24dfbb8e10cebbbab6d3b47d79af352950c3b83fb327fe47ad9bcd430b4e57bdcd0f09c92491ada861e688c1627a7202ff43edd2bdabe041b7835e85e56daec854607ca0f1d41fd3f2af17f08b43e4ace530dc92fe67501b818cfa827f1af62f840f636d7da64ab3a9b97ba91668dcb7ca83ee9ce307277f0327815f33c40b9b0f34bcce5c2d9e26127e4769fb40c56f7ba5594d3042a9aae9f231c6dce2ea23f415f15eb8856d74cd0248ff7d142219dd946095ca641278390735f6d7ed076aefe139e69ee0ef2d1334ccc463f7a873924e719cfaf15f21fc42d2dfc33e25d6bfb7e789ae748f10cf6970231c396b9bc191cf201840f6ddf853e029df0728ad756d7ddff0004fa0cd613796a71e937f734bfc8eeff0066fd42edf50820b68d4ce922811228dccfb801d39e79fd3d6beda8a6b9bad023cdaefdb0bef89541cb601db9f5cfeb5f07fc36be5d335ef3edeee322e17cc5684e087f6c1e9d3df35f70fc16f12cbe2ff0c8b16dabba3018cb20c9619e7db3c57ca71fe1e5f588d78ad0f3324e6929d0beecf9b3f6b6b66b4d0eef5a8ed18ac691ec8d0fdd39da0fa7f1b7e1f4af937e2034be7c4c0a4bfe93161e3c8e36919fa63fcf4afbabf6b2f06dbf88fc19a8687e5ec17b6f2411481780e436d3edf363a1af84bc791acd6aaf00f956e917e63d0818c8afd03c3cc4c31197c7ba76f9595bf2671e638554711cbf6bfccd3f868e04ea6286361228d983839ebd71df8fcce2bd6f5281eebc2b1aa44079717cee0e0838e73d3b67f5af23f87be55adc456f286cf9630c1fab6781feefb57b1df5cdbdaf845658a60647528c85438e48e83ea7afff005abd6cf1b58c8dbb9f33ccaa3ab1bea96bf71cdf8cd120f827e36d2498c9f3b4896339e4621d411bf3f307d3f1ac1fd88678e2d335378547cbf66c156cff007cf3ebd7d3b5747abdb3dffc17f1cdcacc1c37f6561db8650d2dc2fd47247e9ed5cdfec511341a26a89e4905dad83e39208df81edd73f8d6959a7c358a8bdf9a1f944f4f17cd3c261ecf5e46ff00f2699f6afc2d91a282dde5895b12a9e07a8e95f5cfecf0802236506606dfc60e0038e3f106be4bf86963770da5bea11db39825902452ba7cad205048fa8047e62beadfd9ca592e5b74531651191903d074afc22ebfb657cc7828b8cb5df43e8df0f492269ab3e474c3363a706b98f89ec0e90c5255cb2e39c8ea0fa7e15d4f878f99a41df2150adcfe5c715ca7c50091e99260afdd0379eabc1e7d0fff005ebd4c4cbf767bb4d5d1fcfc7ed7ba7cb2fedcbe2f690c6cafe2abf5df8c642dcbff00522b9dfda355b55f0bdb69b0900c92c7146bd70320135df7ed2f602eff006c5f18cf2a9129f15ea08e8578e668dbf03963f95703f17ef23fed2b64648cb4514d72548c80238d981fcc57f4064f51d48603956b1a717f81e0e15555465caf4bfe4dbfd0b9fb2ad9c773ad6afba18dfcebe280f42c42ae39f6dde9dcd7dd7f0f60b58e5b15b3d37c8115a44b832072920555670768c06604818e01c64e327e36fd92b43b25f0edd6af35dc7e68d64f95036edd2a96652ffdd014c40633925d78c038fb7be1a32b6a765a57d9b11303e6618e7953824e3a0207e1ef5f9df88d5dcf309463d34fb924792a151636729bd2fa77edff0004f4dd1269f4eb3b99dada4592489e2323467e4700ee0491ee38f715f2b7ed232d825e5c16ba94f971b2ee64c12c18fcaa3249edc9c1e790315f595ee977367e031adc40a5bc96d942aad82c59a32304e3ac120e39e0d7c5bfb46ea91abcf776f751f9a2500400b676956dcc580c0ec319cfcdd315f31c354672c6d28f95fef7fa9d3992f67423ea7816a3a3d969df0f0f882e5f75eeade24962b74cfdd8ad2de32c4fbb1d423c7fd7334c96311f875a695c06c65c67ae0f238c7a9ac8d4b523716d068d3c654c2d3dd1776241799e38f80791f2daa9e7fbd5b46356f06472c211a494f04b67d79c7ffaabf79c67bbecd7a7e570ad3a6f031a34eda7e3a2fd4f6cfd9ead35bd67c3ba3680f786f1d207834e43210b6d1cb34d70f1fcdd06fb8909ec4b1eb9ae9b163a669574d710f9922ab45e5e71cfa119f5f5ac1f83f6f368d61a643a5c92b5c2e43c89210704741e9fc5cfbe2b7f5eb4b18741be926c097ed21baf6e41f73dbe95f95e655655f339b93d24d7aef6fbac794a7296fd1bdff03e73f8c5aa4525f98de47640e1645618fe2c0fd08af69f87b642da7b7f9a374f243317c10001d074c1e3f957857c4ef22fbc7c96d1c4184da8c292a3be0a82e3bf7ebd457bff0085920b968eeb6c7b9953cb8c4846d04807dcf3dbb57d26796a795d08aea9fe874e16f0a7292d6cd7e173ebaf83cf25bfc3196c65b71f69d43c4713956e7e482de44c73dffd22be8ef8551ac9e53c6542cdf33a8180bce70307fcfa57ce5f0be18ac3c2ba540b6f030cc92c78207cce767cdcf401060718279afa5be0fe9d02e8d6f34d75b5963208cfca013c63dc938fcabf08537573295ba2febf33eb6292e58afe58fe3afea7b3f84a071f0d7e205f84558ad3c11762091ce4efb8250b7e76c07d56bf9b0fdb13585f137ed07f132ea1ba63ff0015a5e5a90d1e00314a63207fb3f2719f6e2bfa4bb0bab7d07e0478d750bfdb15acd6d6d0ddc9360ed8c82ea40ee3370840fafd6bf985f19ebc3c4dacebde2a9587fc4d3c477574cfc0cf992b3f6f5cd7ec7e165052ccb1188b6b18417fe05393ff00db7f03b33692a39661935addfe68a4923a59f1c6d38e071fe7afe75daf8475ed4f45f2f5ad2a658af2ca1925b694bc89b5f180c0c6cac08dd804118273dab88966486c834b286776f9909e08ea3fce6baed123b5ff00843f53d564bb8b725bac5f65ce590b4d0918fa8127fdf26bf5dc5c2352094968dd8f9fc2d6951c47baefd7ee3ebaff008231ddea5f173fe0a83f07bc29e229e03a7dbf889f57b967bdd41a5f3ed2cae2ea14daf72d19fdfc71124a73839e95c878b3f6bbf891e1ff0084bf147e1cde681a36bfa4eac9a9f879f519afefa44b66370545e5ba35c305665c14f3770f9b2141c9af57ff00823d5b587c00f825f1e7fe0a6baa2c69a97c2cf0847e1ff003bb90adaf6a8af6f1b6c5077f97bedb39c8db3b1e30597c43c13f0ef49f8ad61e0ef84fe35f131b3d37c47e39d1340d4f5889364f6f692dcc714aca586d629044ceb956f98e39ce2be33174b06b335ed29a718ca0bd1ddc9b5f271ec7b98dcd2a42853a71769d4bdb67a3b25f8dcf1bf86ba3ddc16ba6bdcd948ab771cd756ecf19024466f2c3a8e33f342c33d38afb37f65bf0935c595cdea1656c23152e506154e073d4939c0ea722bc13f6b4f8b1e13f887fb57789352f86fa6fd8742b19a1d2346b5b4b458a286cad6de2b78c4680e02e5246cf7041ea4e7d8be097c5dd1740927797e1c78abecb1e9d12cd2dd98b2ba947691fda4a85dabb05c195d064b08c460fcd9af1f8be18ccc32f538ab73a4ed7d527adb5fc6c7c6d3cafd9e793a6a4b7e5bbd13f9ecbe67e817ecf1e12fb5e986e6e6ea545b7b6f3220a0654b6ee83b8c91815f556876ffd9fe1a1a72a2911c0801ce320924e4faf4e3d6be00f827fb7cf87fc25a38bf87e0778af55d3d6fedad9b558ac4a42e5e39dced671b594793c63f204115f58784ff6d9f86de34f876fe2e4d0aeb4a816d5249fedc825680091918b245973b4825885f911919885615f3d84c1e070f8054e55146765a3bddaefb58f6a9e1e54ea3826a565bad57deb7385fdb5f575d03e1f6bfa8caab247168b7b2c8a3ef044899c95effc3838ed5f90b776a977e078ef60958a1d3fa3039dac557a7639231f4afd2ffdac7e347837e2bf85b57d23c2be30d1af16f748bdb49e24bb9109f36064054b260eddc4f5c718afcddb78edadbc150bdb5cf9c92db05788261a10a2320e4727a11ed5cdc3d0a7471989945def386daab59feb7fb8f0f1b0e69bbfc36b1f3068109b7975399e4ce66654039fe2249cfa6457bbfecef6bf6cd6b4e921b48a350429f30ed5dd81f364900670483eb5e3162821bfbbb34507fe260e17e4ff006bfcf6af78fd996ca38b5f884d6eaaa2600b007e61c739edce3f2afd5f89eb5b2fa92f2fd0e7c44e2e708c9fbba267e837ec97a0c852d14c796791555d139e485f9b9e791c7d4d7bf78f5e5d33c1321662de5e564119ebd738e7e9debca3f65ed2a16813ecf71b9245de9b9ce30476fcc62bd13e39ceba77c3a922377b4b6ee5fe651f28ebdfafd3ea6bf0da75153caa5556eef7fbcf6a8cb9697a1f98dfb7178805cc3a9416916e944b36dcaee662f1b284c01f31fbb8fc700679f8b351d5aeaf3c39a5457533ca22b531a348c58e3ce90afd00c81f857d5dfb697884da596b9aa2bc6c90db35bc7214c6e9ae49880047f16c6965507b426be4ad49922d3ed638c803ece9823d4a827f535fb8f0161bd96454db5bbfd3fe09cb874a7adefccdfe05cf01db9975c8246750048086c1e9ec2bd6fe09594979a84b3923fd2a563f32fdec9e73f98af28f03b20b99dd5c80b03e0953f2e54804fe247e75ef1f01f4f323ace63044854a0521769ee383debd0e25adecf0f37e48e6c6b8baa92dd7f97f563ecdfd97fc39be5b7223ff005bb77ca8b8fe75f69f82b4669f485664c93f3727b1e9c60e3d3f0af983f666d1a288db39b6577280a00ddb3d3f3c71f8d7d8fe14f0edd5be85093033a8f937a82abb8609031d71b87f935fcd3cff0058c7d59a7d4fa2c1508c2928c4fcddf8c50cb7be1dbc68cecde7ee67818071fc866bc0fe02dc4f06abadc0198f95ada4b208db2c3cc42063238c98ebe8af88689fd85343776af2421b731493cb623078dc41f5cf43d6be71f83933597c48f12e9677c3237d9de201c042a8d29607d492571f43d6bed787fdec93110ed67f8a5f91d58b6a8d3b37ab697f5fd753e99f08de58da3d9de3dbaca0dc6d7479482e72076c57d73fb37789a096fae8c922ec9029324ad9666c0c9e79eb927afb57c85a45b2dbe9102cc8be6ed478d50939efbb3d39f5f5ce6be84f829e259f4ad46d6458d52367642be5718dc076ce491c75af83c64a9d3c4c64fbb39685654aa58fa87c6a63d47c1a772120bb210a338e073cf5ebfad7e727ed8ba304bf960987ee9823be549c65d97381ce2bf42e7bb4d43c26a482ac65474ccdb810cbd718c8e9ebdabe1bfdb36c47da5e685143fd972c13764e1cb039c01ebdfd7b5561aa3a79dd07deff00a159dca15b0776afa7fc1fd0fcc0f176e875ebdb424c6239dd0607036b1181ed8e3f1addf867e22d0347f87325d5e7865354bdd2b5695a282658c42aac1244dc248e5593e6ddf2b21523824f388fe29d8fd8bc67ab44e42017b23ed2bfde25b8ddc8eb553e08086f64f12694e8ad1bc76ae005eea645279efc8fcabfa6aa4a15b2a551ecb91f6ea96eb5d99965353d846f2f7b9a3b79ee76363e3bb8f19c96f61ac7c30de231bc4f6fafcd68cf1afccb015b5f29766eef8f97a81d8e3f8bbc49e1bd3fc1575a1eabf0834b79e3be8e4cff006bde17685849e6b3192762f2990c3821700798483c5775f0e74cb0864431d9e76a9f53938fcfa0fe75c8fc70d0238ee5ee615c236486718cb64e47e231cd79583c561de3d5051e58ad7472dfef3d4a98e72845b575f2ff0023acf857716f77f067466b2d33ec114d6ae52d3cff0034460c8c7ef10327bf4eff008d6d785aea2b2857cc901565ce0af23a020faf4e2b03e0add799f0e74e82375cc6af1ec2bc70c401dfbff2adbd0420b9df2953b9ca91d7dcff003af071d14b135e2ff9a4ff0017dcd73270ab82a524b5d0d5f0ecb0a6ad2dbc10ef8d99c6c2df77af3d7f1fc6bd53e155ec56bad5a3bb6df2ef57683c80a4f23dbffaf5e6569689a76b50bd8e11f713e62b05638efc1e33cd779e05b873abc523ae02dcc6e4e79c0392062be5f388aab41dbaaff8079a9fb2c5c2dd2da1edbf1bbcbff857d7b24aa988ec0c9f3a06180327233cf4e9c74af8ff00e296ad24de30f10e8faba2bdd6a57325ece5f3feb4dc4e43649cf2f70df8907b57d7bf14e0371f0d752863b957274f9446a318036703e99c57ca1fb5c7876cfc17f19b5df0fe96ccf1e9f78a904922e59a22229464838fe2fc4d79bc0124a72a7df9bff6dff33eab3476c92acfac6517f9ff00910782353d3a0b6b3b202559adae9911d88da436d2769c7703a7b7d6bec6fd9cfc490084d95a5c2ef8db6ae318cfa727bf15f0b783ae2382eedf559e25313bbc710079ca63039e7037035f4e7ecfde2695357df34a583c1e6e474e3181f5e95b71be5ded70aedd35f9dffe1cf9ec2569d0c573aebf97f563d67e3c23dc68d3c0c4798c3cc8b2718c7a9fcf9afcdbf889a21d0fc597d61697424582f322321b7312f95c76fbb8e83afa8afd07f8c9ad477962f12cfbc920a9638c920f15f0b7ed2965f60f1c36aad6cc5b50b6b69d428c2e50b42c4fbe61cfbe6b4f0bf9e8f3527f695fe69ff9365d7c447138b6a4becfcf4b92fc2bd1a6d76f67ba8027976b0abcb1b32ee24baa2850482c4b301f2e4e0938c0af4fd49a5ff84452c5208d258a47f31e20492495007a10082463bb579f7c241a3e856cdaf4baf4906a10bc2fa6416f017dc599b7c858f0bb005e3ef12e08fbb5e97ab429fd9535c59caffeb0b866da011d4719ce79fd6be9738a8de392e89ab7f5d77fd3a1f352c328ba9cbf16b7febd11cedadf88be1e78cb45d8ecf3e8b653a3ec036bc5aada2fcd9cf3b656fe5585fb145a4b25b5de9a2e8a46e629107a36edb9f63c01f85597bf163a3ead12b3ab5ce9a91055c671f6cb57c1f5e541fc0537f63180e99a9df34d01c47e5ab432678db29041e3af5cff00f5ab6c4de3c3f8af3945fe08e9e74f058756d5464bff00266ff53edbf03c7663c3f6963776d742ed6e0387f3d7ca0b800854db90c7825b3d38c57d39fb3824113dce08cf90426de54f1d735f2ef802d90e8d0ca830c8e19831e406e38cfd3eb5f537ece768ad283b796859881c6463afeb5f8345bfed78fab3ab0b077e63e8bf0b23ff0064471484067c678f63cd729f147ccfb03aa80d98c8040eb5db78661c6991b347c7456f4e3ad71bf16418b4f69915b3b1c051c76fff00557ad8b972d23daa316d367e1a7ed0da6c2bfb4878f6fdd83490fc41be46564c36d2320e7eabd2bcb3c5505bcdab6bbaadf4370f6f63e11bd599ed9558c22531c5bfe6edfbcc7afcd9af57fda1b4d9ff00e171fc57d69362a5afc428a362f28caf9cb7c4617a91fb9393d8edcf515e2dadf88af458789bc3564c80eafa035acaa393b77ac9b47d4a2fe42bf7ec823529e1f0d557fcfb87dd64aff23e770b5e14e0e2e3ade5f3d59e95fb32e940e856b146f9df11709fedb39208edfc59c7d2bed9f853a4e85058cb79a87889a0d4ed92cffb22c45ab34778199d672d228fdd941e5b727e6dc460f6f947f66ed12c1f4e8aee0d304256d604c0ea5822a16ebc648dc71ddb03a57d81f09fc32ba8ea56a56e046896a03b4aa7e67c718fa7078afcb38db13ed7329452bddb5af77fe5ff000e78f82e69e2653693bb7fafa1e85e37d6aeec3e15209a28a7537ad2452c6ca7ca4dbb02367eee0c64ed006778273c11f03fed2b746f04b7210470abb23aa104025b3b7aeee98233d429c679afbb3c7cf6965e089d2799313db15b5b788f9ca4a3eddcdbb90dc640ebd0f01857e7cfed10f1b6ad269f72cb6f0ac9b2f250bb8a7ef1b7123bb019e3fd9ad38662eae6b0bbd5463fd7ea76e655a51703c5f52f1ef87a6f0743e14b8d3adedeee0d4e59db5960f24b701a25c42e178d8841db83fc469347d6a5d52d34ad22db557689b5148f79b36404647ca0f3cf3d6b6fc43f07f55d33f6743f142ffc233792df162f3c3b1eb81f31492dae9f14b25ba9cf240951fa7461cd54f869a73ea5e27d120f24f97048d23c4ac71c4679faf4e6bf6bc6e1a9e070ee4d3d9cb5f47dff00e18f4675a8fd423eda0b9b96c9f5d36bfe67d1bf0f9441243180582a05f91300939c9ad4f17410269b71299b018008a5ba1e982074ab1e02d2644f26e648c32ddc0850c7b588505a3c71df2841acff008b923db786e45f31443f686c623c1c2f1f360735f8b39fb6cc9457568f9ac2d946ed6973e65f104d73a8fc6ed3ad7cedde6ea0acc5147f0e5f000e98db5f4bf836da37d42da4b19312b5c47e488e3fba405fe1fc01f7fc6be60f0587d4bf681b36f2f2b0adc4a07a7eecaafeac057d4be02b09e5b982f2dd2441138667561c1c9c7e15f5fc5b6a3468d3bed05f8b7fe48ecc32e5c0ded76dfe87d6df0c34ed2af74ef0f5ac5a847028b00b7d7422242c9e6c8cc700f3842ab8cf3b7debe91f020b6b3b096deca13e544846d91b242f553c704f00e457ce7f0e234ba6d364b48f31ac16f0959304e52140e703b6ecfe06be91f095a4f36805edd00c80bf2360648c743fe78afc1f0f2ff6aa924be67d3c64dcb4e965f24ac6bfed67e228be19fec33e39d46598218ae1a5251c2bc8b0e9db8ae0e71836c47ff5ebf9a59ca5b786216c6034b938e33d016afe857fe0adfe2b8f4ffd803c67791caab15dea3acc76e72398cb4912807be56e9471eb5fcf46b29f6af0fd859c41732481bd0e77ff00857eebe12518aa58aa9d1ce11fba2e5ffb71e8e75cb29e1e9df68c5af9b65ad5088238e1008dee3cadd8f987e1efdab7a2985a7816e95f6833ea56a885bf88224c5bebcc89f9d735a8ff00ac48dc6367dd527df35d06ad6e21f0568eeadf3dd5cdccfb18745fdd46073d7e68dff3afd664972c6e7c9c65ecdca56d525f9a4cf4ef007c6bf8a317c083fb33d878a3c8f06de78b7fe123d4349b7b65dd7da8fd9e1823795f86748d625d899daaceed8248c5df8f174fa0fc15f0ed95acc6395f581751ba332c91345130c0e49182ea73db0315c8fc3fb492eaeedacec99b78909dac0a818079c8e7f2c5741fb5939834ff0008685046a07d96eae02af1c3792809cffb8d8af90aca3533da14d6dcd293f945eff723cead5e75317ccd6918d9797fc37ea5ef02fc68f851f0b75792d67fd9ced35e9f4dba8f4fb87f1378bae552574015a610d9a42e158a312be736dde064f0d5ed7f0ebf6e9b46bcbab31fb27fc3db62f32bc6b11d76e434aa1b63ba3ea78751caf4ce1f3d38af97fc2de0b97c5de2cb884caa8975a938760d8c9dc76923d71fcebddfe0ff00c2fb1875375d46ce48e1553fbb0a376ec129f504edfc3e95e67114325a7094aa439a56beadbfcdb5f2b58f7a59df2cd469c229bef14fefbafebef3f413f674ff0082c7fed39e2cf1f2786bc65e09f075959d9d92bdacba6c373656863560fe5a47e76d8c2c79d810162d1aae18b647d33a87ed3bac5d785f56f17f893c1f68b6f6b6f6ed796d13697772ca2f6dcdca44d05c592b4c9e588d5944b90f248aff00eaf7d7c7ff00b37fc21d14dbc334291b88f0bf6995486daaa7a0cf19dc077e82bea4d6bc1e9a5f815346b78628b72f9edbf043671cb107238e319e39e335f9b7b5c362e12afecec96d66eefbf5ea7bb4f3bc4ca16a9aff005e5d0f2ef8cdfb617ec63f113e16ebde1293c09e1b8f549344bfb6d0e0bdf014da55d2dcb43b15a2b9b133c25b72a30328018000b2ee635f9fff00117e1c45a0fc3b97c4da393690a4ae86da224ee8b6842e33d8161df9c57b67ed2fe0893c23a0c1e234b18143ebc2de3932a1e724c8cea71cb0023033d837b8ac8bdf0ec7e2df076a7e138924267d124f2405c91228dc011ee00539faf615be40a35282a94d35769ebadedebad9ad179ea7cde6d8958c9a6a095974eb7f3f91f9e1796dfd9979a8694d133c93ea8b2c3308c60460c8597d89dc87f0afa43f679f0da596bb6568ba8c7722e2c6d250f00c089dd15e5439e851d990f4e509e98af9db53b2ba9f5ec3b012adcccb27cc060ab95c673ed5f527ecb9657b25dc13345e6328c348fcb67b927b939cfb9afd0b8babfb3c9dbbead6bfd7c8f9ec7d354a54f9a2d27cb67dfafebf81fa25fb32e9062d349f999218485562bb871c7006318039153fed577b341e0a9617bc11a6c20be40ebfc58c9e3dfd8d69fc12d0134b9121b6d4239d510c7f69b791fcb9949e0aee556dac3d40383d2b91fdb6f55f23c3be5c9b30d6fc3a818eb9c118edd3f1afc8b13271c9d5392d5b4bf147b6da8619b3f2d7f6eed6b40d57536d034cd45df4ad3d86eb968ca3ea171cef97667e55c2aa22f1845c9019debe69f14324d7e24441146700469d14051f28cfa702bd7bf6c4d562d4bc536b656d6f0c7e592b27d98b7ef5f00f98fb98fce7710700018e075cf8aeb5219351670b95f30818f526bfa2f85a87b3ca68fa6df77f919e0ef569463cb6eaff00aec6ff0081ad256b5bb981dc6578a139c641c97e327d23fd6be9ff00d9ef42b59cdaa221932144a3cbc28e4fcb9f53c127a7cd8af9dfe1ce9ca34bb1262ddf6ad4250c09ea11136923b72ee3f03ef5f57fecd3e1db6fed0b5592d18ac6eb24aaa76975270704838381ee3dabe778db14a1859f4feadfa1c1524e78e5cbfd5b53ee3fd98740759ed6430c9b30be636303183c1c1ee1477afab7c39a38beb2cc16aff2e372a920038e71cfb57817ecbba4a2bc4f7112a8455056204ed39e3fafe75f46e9d6c8b64ac7a3b165181c0e2bf02c04a3ec5d46af76cfaec0d3e78a3f31fe205a79fe1aba84ca77b28c12fc0c2f6ff0af97bc13757965f19b5c836467ccb132ef0c0fdd95338e78ebf91afa9bc70cb36952c1bfee43b8f96b83c2ff008e3ffad5f2968da9b695fb400de81e3960962910f53928719f7031d6bedb84f9a782c4477f76ff00759fe82c654828a84ffad0fa6b4dbf8e48a19a0b862c23c3107e6f51db8c827b91d2bdbbe0d6a61dedd2d656c853ba4900cb827033e87af4c5782f813529751b706e920313a931bec048453db8f6c67debdabe0ec31a69d697718943fda1566fde00ae3a9038e081f5ebf857c4e6b1f6734baa679c93f6d78ecd7e07d3fa5de893c266ce170aff00678de47e41241238c9f703f1af98ff006b0f055fddf87eec0752ff0062b82be5ca0842159c1e0e38032475c9c57d11e0982e0681f396659226dd1af24ed656f7c639e9ebd2bccbf686d2adef217b59224c3995307a636b1e0f427a62bcfc649e1b1746bdacd3477fb28d5c2ca125d19f919f1d74f31fc44beb88b7223bab309092c41407f3c93f9f4ac7f853a6dd787be25f887c3f311e7269ef1c855b3968e640403f8f7aee7f692d3974df8812c6b90445096c900a9e46723e82b8df0adc7fc5fcd6e649f73dd4ba8a07603e6fdf16ce3f0afe9ac0d6956c915b6f67f972b47360a9c2861af1dd5bf14eff0089eabe005482fbcede00c9380b9faf4ff3cd607c76b195adcb654465724e3a0278e2ba1f87f6e4dea975c9193b42fb727207ff00aaa1f8d56b6474df9ad89723225de3a761d3af5af9ca157d9e711666d7b6c338edafea73bf00a6bbbbf06c76e8d8114d26e554383f3e73d38ea0735d769d1c455638a258d95cab373d09c8247e382471c0f7ae4bf66532dd69fa9e9b020c46d23a8270401b0f1ea704d76ff6696cb5a9adae6c218e55d831919e5724803a73559ab51cc6b4177bfdff00f0e7a58d552192539fa2febee3444125b6a70b44cea1a10cc19b7648f5f5e474aedfc33752477e25753bd995c386e07e1ef5c54d2336a10c232e59155404e572c47e7eff004aebfc3ea926a1f668c320080000e72c2be571eaf4b5ec71c14a505289ef7e22f2eebc18d14d1248b24394dbc755ee7bd7c87fb4f5ceafe21f115af89b54976cb75a0d8321e70d9b2b5491c1232433c249ec0e457d7d77758f08451c3221458a33b979f9b601ff00d73e86be34f8e1a919af551a66296f6896cac400408018547e4839eb9ce6bc7e03528e3a6d74fd7fe18fb3c44635b28af17d93fcce3f40bef3a687cdba0009481e5a918caf2307a60e7db83d78af7bf81fe266b283ec91430bcb2fee9a778b7345f303f2eefba7803239c71c64d7cc3e1ad7ae575abdb68d4b2c3751b336065d4c28e064f1d4b9f4af6bf857af35bebcd2db45c05591959b0081827f1e9df35f79c498273c3b56e97febef3e2273f729ca3d74f5d343e86f11c92ea7a2a5bf98cfc603c84e08191cb735f2efed59a0ccfe1bb2f10c10b623d664b59a65e78745923c71d3314c7f1f7afa0e0f110d7ec174eb52e19f05439181df9fc7bd799fc7cf0e9d47e11eaf235b1335a46b7a9841cb45282ec38e4ac2f375ed5f1dc293960735a6a5a5e495bd743870d55d4c7c39b6d9bfc3f53c77c1697b706d96e15581501a47030470377f9e4d7af5b432b783a5b8dae234711f999fe2c1f7f4af22f879b5e5450aecd1a92abb7ef01ce41fcff9d7aa4396d06426db793192d8c7271d38febed5f5b9da6eba5e66708db19560dbebabec79feb7717518d88f9694b46c49fba3ef1c7fdf15bffb236af2d96a3a9c772a65df1157795724e4c8030cf724f503a8ae7f5548417bd9e4de2395f0807de3b180fd48cfb66ba1fd98a175d42f71c8594bc6550372246e39fcc56998a83c92b45aedf99b53a8ff00b3e9f2f79fddee9f6afc2b8616f0ca25c6e57920478a59382769efd720f5fc3eb5f4e7ecea24940936e3f74c1d8bfcddf9e3b7b57cc7f0d7579ee2c6d6dad5d16603637f0e22da01cfb638afa7be023b79f231618f27e6000c938c7e5efef5f8026ffb617377677616d7d363e97f0c5c04d2d3322f27b763fe4d71bf182544b293e6e4467af6e3af35d3f844bad946b8c16c646385e3afe75cb7c61dc34479610c657628e474031d38fc6bd7c5b5ec5b3db83b44fc38fda5a503e387c5ab5f3c2ac9e3059da320e4ec96e53ae3800c87ae3ef57ce579aa4b6ff126cec669814998c6e9db18c62be8ff00da82e34fb2f8f5f1661d45a58a53a9cc6d2344c87617d1960fd36808d21c9c9ce077cd7ca69786ff00e326976c533e74acca02fde239c63fe035fd1bc311f6d955393d9515ff00a49f2343f8f29cbecf33fb8fb73f676d2c43a3c325cc7f308fe5546209248c1e9f32f51f5afad7e13c606a5a61b7958096d943e39cb283bbb76da3fce6be6ff825605acadf7cef27996a4cc88318727033c62bea9f82f656f71ace9d1da3a4890da95084b6d6c1393f3609dc707d79afc0f88aa4b139b462b7725f99cd8182869f3f3e850f8c1a9cbe1dd1ae3ecd7324335b39686e2372ad132b12a548390d919ce7391c1af847c69a76a9e33f89b65e1a13899f5dd5e1b1b93247bf26e2e114b73920f6cf5c3115f6ff00ed43179763aa9fb4246300c56e416624fcbb41e73819249e38af837c67ab4ba078c23d5e5405b4f866bc8a432ec31cf0c324b11040c8fdec69d31d7ad7d57025252cd9a9edcc97cafa978b529e3617d924fe773e8efdb53f635f1b7c13ff008232fc07f146bba8e5bc59f1335ef176a506cda617d46cedd2dc3ff798436b9cf6f331dabe49f817a44d3788e29c2e3c9b6c162b824b7ffaabef4ff82bbfc71f11c9ff0004adfd8bbe196b8b70975acfc3e975bbc89f90162b7b386db862c7ee4ef80790bef5f127c0ab6105ac97d764b34bf2876183e83a76e49f4e2bf66e39af423097b16edca97cdfaf96fe67466b1a3468a945d938c4f75f02e9b2595d2192192325b208500b0ec4fa76ae6fe39d8bc3e1f98b61733be4863dfebf5e6bb3f08da97b7b78e2e5a38d4193760818fe98fd2b86f8fd29b2f0bcbe789637f39b25883b81049ff3ef5f86e0272a99bc7d51e561a30f63cbd2fb9f377c1959aefe315ddccb9630d84806d19da4ca83fa1fcebeb6f004c4cb14aa8023a00c48c8ee0119ee39e6be51fd9b6de3bdf1f6b77714aac53c9551d9817739c9e982a38afb2be1c69534d35bdd269f05bc4d128f2e191c85202824ef66396e49e71927014002bea78f2ac29d7e57d2297e17fd4f4f06a6b0ee08fa73e13da9bb7d2e1b59c0c200cee98033924100f1c63ffd55f41da597f67e83342b724811e37e7e9827d38cd7847c1b68205b678f72489b037cff0075ba83c723b57b85d97b2f09dc4b76fe5c840dbe63704e33f91c0afc3a94a9aa1525d75fc8f7d34e27807fc16d7513e0cfd80344d2624c0d4d51848d21ce6e0da30c73d0fd8ee0f4e76d7e26a585e6a579a3e87a72a4b71772c50dac79c6e92460a3af03923afad7ec37fc1c6de32d374bf807f0dfe18d9ccab74b7f2497603f5823b4b8960c8f4ff4b700f7dbed5f8e126a377a4f88f4ad4ac6e84571a7b4134132e18abc64329c118c82076afe8cf0bf09ec787a4e1bca4df95d4543f4b159b7eef358d36f44a0be5cb7fd466a2254b80b21d997f9803db3d6b7b5b69214f0f594afcc3a6ab946c9043cf34aa08f428e87e87deb9cd5248fced9b194eee32474ff003cd74be2fba56f165a5acb9636da5d8dbc80f6923b5863604fb32907e871dabf4996904791597bb26d696b7e373d27e1459adcdfadc06fde961f204c024f503d001d3e94dfdadc89be27e89a1c726e169e1db64651d43c92caf8c0e9f796b5fe0b5a5bbbc1e5b92d92df371851918eb8cf7f5ae7ff00683d4d6e3f683bc1267669ff0061b745dd9c6c822247fdf458fe35f0d8793a9c46dff2c24ff14bf5678138548c9f36fb163e15daccde259bc9904a86f656857fbafbce181efdbf3afa7be17db49a9186ea40aaceebb9d14e59813d79f6edfe35e03fb3f6937171a698a3b8532cf3335b45b43331c316627b7d3afcdd315f517c1dd1a7b5b116f245f324c141c73c7a11d79fe75f19c6b8b8c6725d56874536baff005d8fafbf6706583c3c2cc59b492c8caab385fba0e3209eff009fe79af7df1c5d07d021b692352820f364241e783c11f91e79af18fd9eac1ec748844b6938924f2de16f2cec232431c9e473b71c63afb57b0fc41941d359510b0106c51b80c63d47e35f18a73865293fe5febef3d98492a2d9f0b7edcd7576daa7837c34665124ff0069bbbbb7d889b9da4dde61c0e588948ce0e028038005657c2dd30cbae5cdcd85c4d24251576bbffab46450c4fbee39fa0ad5fdb6c34ff1c74dd3b5548a292d346579543e08dedb80fc54271589ff00092c9e0af0678bf5036e63fec5f0b497a5e221598c503316dc71c719f5c935f55c3987f639650525bb7ebf1492bfc91c0f9a75acdff563f396e3553adf8ce5d5a1b94115fdfcb7041030c2479240063b7cddbb0afb47f645d36eb4d92defa4d8640870ae84bb02369ebdb92063915f197c3cd0adaf2ea1ba6bc8d7ec49198a0f28333bafc9b43e3e4015989ec7033d057df3fb2269f1dcd84123c6a8c1d554673839c9ebd0f1d3debd8f10ebaa597aa70f40cd710b158ea11a7b4137f36ff448fb9fe0ee9d716ba747912a116ca55baa818e31ebd0d78cfedd9a9b4b65215938da0146e58e0faf7c9ed5ecff000c51ac741f2cc51c7185392a400589dcdf8f249f7626be6efdb975e855258ee2400244ee33b40e10faf7ec07ad7e778b7cf428d2b6ae4bfafb90621b586713f2fbe2d69b3fc4bf8f51f85f4a9000269ddd87015230d23b1e38c2c4c79e9debc6aef72df47b8164e3240e9935f4a780be1e0f15687f1ffe3a6a7a74f258f82fc13696f1ea0250a2db54d4efade1863c9196df0ade8c0e70addabe68bbdef72a10f24e100e6bfa7b29a0b0f80a30fee23ab0b1a8b0d194b77b7e1f99ea1e01862171a5d9ac4dfe8f6084b6d01773bb4d93d7236c8171c1c807a0c1fb37f666d2e39758324bb8ac7831865192a7a671c023afe2715f2a780f4a8aefc4f2dbc7b4476d3f91110c4a98e13e529cff00baa3eb8afb4ff65cd0adc98e58626552d9404038e4f19079ebd457e47e2262e31c2c975ff33c9a34eb3ccafa34f5fbbb1f6f7ece1a646b671c613716645594a707a1fd0e6bddda05b4b589bc9562d9c9edc62bca3e095a456b696724eb202d206208fbbdfdbe98aee7e20f892db486b38d9c2868db01fae7827afd6bf2382787c1247df65aa1197bc7e6b78b27926d1e7323004c5d8af1953c007a7535f25ea11cf69fb43e8f0b3b6d9eee58dbcb6dc03181f69ebea067e95f5bf889e7fec1ba574253caddcf6c0c6707bd7c89f12a48f49f8d7a15fa10ad1eb76cb8d9c10cc17af6ea738f5afbfe0bf79d7a6bac24bff253c3c67bf494a4b66bd7a9f51fc2d8ecefb4492d1e56924b4c3db1594054439df9c8258eed847200f9bae78f62f83fb618e38eeccbb44ae0a23ae776de0e0820738edcf4af0bf87f7371a6de0b6903065246471f321e838f6073fa57b5fc27d4e1124ad3da86f982a86232013b87383f4ec79af89ce93855727b5d3fc4ce9f2d3aa91f63787fe1f78707866d7c4fe15f1dd85c95b5297da16ab7d05bea569308d448a230c04d196059194025481b720d795fc7df0acd3cf7171e1386f752b4b6b3b69ef2fa1b17d96cd247f32c99c851bf7202480db722bb6f83d631dbd843bcc92ed54c4eca320afcbc8efd7afb5677c53d17c4f0f859ed75bd1751d31af639760911a38eeed56552b3020fcf19504e307afe15c59dce8d7a3ed142c959dffad35fd34b1f54a9e1f17172843952dec7e417ed776a6c3e24c85800f1c20cb13e092c92bfcbcf6cafea6bc8bc337da65c7ed0d34d64ea6d6e755d4cc120390508999181f71b7d7ad7bc7eddf651d8fc5a1304c7da12e0ed00925bcde3ff0043fe46be6ff08498f89da348cec17eda54fcbdd94ae38fad7f42f0bb588e1a8cfbd37f93ff0023e56159d384616bbbafc1d8fa17c1a278eff74484b870c598f41f5fc6a1f8cb68f2e991e7739752414201071c7e347832665d44c577b5891f29231b4e7ad69fc53b3497440d331454662aa474c8fd78af9c53f679a41846509e15a7a27afe3a9c1fecb6c575fd5ac0abab19971924919461c71dc85aeef5dfdd78d2e9c5c640312e158e4e463f318fd2bcbbe036b7269bf10b5291b20bc31c9b79e487ea0fe35ea9149f69d626bdba80370bb998e09cf4c67b838e9d87bd76e734e50cd6751ece2bf247ab52ac315c3f4e17eaff00365abcb996364bb922036b6d32364ee50327b7d6ba0d2a5921be8c7d9c2ef424ee6e41ebd3b1071d6b96f1249225ed9469875f225660bfc2d988e71f4cf615d0e8f14935cdb84942bc9f75b68e9dbf5c57cee220bd8293ea99c1cd2a54636ebfe67bf699a835e782e23313910a91d88c71cfe55f26fc5a8ae24d5af6c098d45a6a2f1202fcb2c9249306f5c664c67a70076afaa3c34a1fc0f6ead1905118396cfcc77939f6e0e3f0cd7cb5f1d621a7fc4ad6164dcaad15b37d5559c1fa9c9ee4f6af1b83d28e655a2bd7f14bf267db539fb7c0d44bac3fc8e07c0df0f24d4fe1d7c43f89f6d891bc37aa784e3bbce488e2bc835346723383fbe8a043c7f1fd6ba3f00ebd716b7307d9d59e38f0a548277f1ffeaaf68ff8276fc2e83e277ecbdfb5ff00836eacd4ddcff0c747d4f4f2e84e2e34b1ab6ac31819f9869cc9c7738ef5e15f0d75eb326092d2d9cc7e590c460f18e48f4eb5fb0f106162b034aaa57e68abfaad3f247c552a30faac1b959d91f51fc24f02ddead2c7770dc332cf1e622f385041e4f1e98c7a76f4a67c60d3f47b380e93a8ae2d2f775b5f65320413298e4e87fb85f91cd51f859e35d5134959ed2393c98258e369d50ec899f710b9e80908d81df61eb838cff8bf76fabfcf24d8dc8dfbd74ce36e48e31fe735f88d2a78b8e76a537649e9f23931189a384c338528eb7bdfe67cd7e0afed0d1b52974fd4a0db756ecf05cc658fc8ebb91d49cfa8615eb1697339f0bed697ca46806151f1d7af4fc3f2ef5c0f8a6c9f44f89d76cd1ec5d4648ee8267218cd1acaf8f501dd97fe03edcf69a44f147e1a78043f3b28d9239f4cff00f5bad7e859bb8d670aa968ecce0752152b54b3dff276382f144b15b5a5c5ccaafb165190af862e411d7b0e6bb1fd9cf2bacea264dc234666456382312f5f53d7f9579ef8f9e05d2e5c6fdbf6a85a4cb9c11e601fcebd07e004620d4ae577fdfdc02e09c9ddd3bd6999c2d934fcff004b1a526d65d4e297597e51ff0033eb9f85490cb62af97675903af7e0f5f4f6fcebeaff00d9e236374ed21ce6dcf3dcf7e7f3fd2be58f84f73882dadf6861120e074078cf26bea9f816890ea209c67c8621bfbc73f97ffaabf9fab5de7316f64d9df80ba5f71f487841b164aadc85cedebc640e715cc7c54b747d1ae5767cc54b0f63b38ae9fc1e1469e14f231c37a9c75ae73e2a491db69b7518cb6f4c0da391c631f9d7ab8ab3a4efb599f414d5d1f821fb6f5d4da6fed05f10832bf98babdda3b3be063cf4e33df3c57847807c3b79a87c42f0f78a1ad408e0bbb98c13cb13e4fa0cf196e2bdcffe0a051093f682f89d64632e06af7814e7b0915bfa5783fec73a96ad79f10759b2b5b87f211522d85372042e0e33fc3968d79041e3d335fd21c3d0952e10f6f1d3969c6fe8e0a3faf63e4a8460a862a726ee9c97deedfa9fa0dfb3b69e6e1a38cbc7ba70a220ce576fde18248c77049e981d4135f4ff00c0a8dc6b3142928134684467caddb8823b6083c7ae071f9fce1f04a278a3b39989cc72af010e00ed8f5e82be97f85e62b1d4edae915b73b311b902800838fae6bf9db32abcd9ec24f6524ff131c23b47cd1e79fb5d7881b57d5f52bf4d3ad2d5a4b805edf4db768a12e170e550bb04dc773150700fdd0a30a3e12f8bd6da86a3e258742b4b6b8bcb9be9a18eda0b28774926f90210a0f5621d900c7248afb33f692d6d4ea97a518049e7947992364a0c93b8fe7fad7857ec6de22d22d3f6eff85daede6913de7d9fe2a6800dbc31ee91e213c92baaf20efdd0c6464e09e3bd7e91e1860de3f39495ace4ddfd2eff0041c66ab660a4dfcbccfa5bfe0e81f12b1f89df03be1168ba05fe9f61e1af862d3db41a858a4573119a78e2114be5fca4aadaa0da98556dd8e0d7c55f03f4861e1bb79de0c1b923ca04f43ebf4c63dff2afd10ff83ad7c2d1c9f1a3e1878b62b026593c27756cd70e580212f0b2a019c6479a49efc8cf6af86be1de8a2cf47b3b51279823b6c65632385031c1e9c9ef5f77e20fd6705374ebcf9a5277bdada7456f2565f23a33e8b559f5dbf2ff00827a9785ecae5ac06230b2336ddc5091b48249f6e318af25fdac2f2eedbc19716b35e07027931d33d31c74efc57be785f4c48f498a096f1518fdfdcbb57240c1247400f27e9f97cddfb60dcc367a15c23b05667725f3f78eeed5f91f0d3588cfa1fe23815271c25bbff91e5dfb20e942ee6d56f405ccfaac76f192bfc4230473d7ac9d2bec3f8717f77776f142c19446ccb161319ea73ef938ebe82be4dfd925e5b1f0c9d52073ba6d666910a9c1057620607eaa7f2afaff00e0d417fa85c79768970f22fcebe4c65d88083a8eb80075f406bd9e3fa8de3aac9f4d3ee563d1c3d4b4147ef3e9df83da5abdab4b25b6d912dc18c004963ebd7f0fa035eafaca433e8f67a7bcaacb34e8b26f6c155ead8cff009c5799fc229e7874f8a3b684ef910472963827272474ebcf4fad7ad7877457d6bc7de1ad1638c3453dfa105946186e04e437b03c57e25377c238c55dc9a4fe72b7e4cf5695a528c575b7e67e767fc1c8fe206bdfda3740d1dee44b25be8924732063f235bc36f6c4b0c7de322cff008015f9a3ab0c6b00c207c90805f77f9f4afb5bfe0b8dafdef8aff6ebf136ad35d9962bb6bd9a0dcf90a8750b88142e3a0c5ba9c7ae4f7af89755c7f6fcc71c20236800024ff3afeb9e04a2a8f0e505dd4a5ff8149bfd459ade59e6224f64f97ee8a5fa10dd0bbbcbb8edad61dccf850a1b3b893c7f9f7ae8fc513473f8cf53bb839437d3343939e3792bc81e9835cfe9447fc25165f33e0dc46cc021c8da41247e5fceb4b4f9e3bd7925604b33fcfb8e76fbf15f5b5bdd4bc97e679b89715877cd7feac7d07fb3fc29a95de9a6d22324715b24522cdb4866c0ddf771f2f98cc4679c10335e73f14efdb5cf8c9e2dd4f21c36b37890c99e8a9232a9ff00be5457b27ecd7a35d48f67a85d1f2d229210ee13e50082d8381c1f958fe06bc07ed326a7737fabce491712c92160393bdc93fcff005af82cb1aa99ce266beca8affc09b7fa1f3b294a2b5d6eeff23da7f66eb1bbd3f528753b3b67965488ed2a0901b033ff008e9fe55f62fecfd33dc4c6069bc9815bcc2eabf3799c60138ce38ce3e95f2a7ecc66dec34b57824092dd59e53e424a65f054fa92ab9fc71c74afb1be10f862ca0d35ae61de84c4cefc17c80431206723b73fad7e67c695f9b30926aeefa79dbf43d0a1539a09bd0fa97e09ac2a2068e71234c7bb7fabe49038e3f2f5c577fe3db19e3b2bdb93123a4b0ec8230a721cf1c9e983c718ec79e78e1fe056986dbc3d677697acfe6372a4f29819f4f739aec3c7baf3685a72dedf0f91ae04a89383b5d01fee8ec781f88af1ab38bc027574d2efc8f494a3ecac7c17fb5df8a6eb51fdabe6babd546fecdb1b68aee0eabf2bf5e73fdf1cfd2b8efda77c511e85f007e21cf6726c13e832d8c7b3f8bed33c10a8e381c487ff00ad4dfda3f568bc41fb44f8ae5b49c15b79ec577073824dbc1bc7b8f377e3e80d79a7edb7e29583e06dd69204856ff5cb5b64cb64395669ff00f6974f6cd7dde41889fb1c2516af7707ff00816aff000bb3cc92e49cb5dcf9dbe17d825c3c7395645f3f6b98ce4a0e3e6e4e39ed5fa0dfb2fc11cbfd9e0e950c65d221988911b3aa0432609272c4063838dc5b000c01f087c0eb04bfbcd3edaee3912da4ba48e778e1467505c062aaccaacc177100b0e4751d47e86fecdba7c3696b610c41cb083760100ed1cfd2b87c42afefc21bfbdf91e760ef2c5393f2fbcfac3c330369ba065a5ca2c3f21c9eb8271fa0af8b7f6f7d7ecd6cb52174643988a40c2428558b21c9cf5e01e0f3ee2bed1b4778f4510471ee4587a96cab1da0f504e47e9c0af827f6febd8ae63d404974ca5646f34ec042050cdc67db8ebdabe569a8d4cdf0b0e9cd73d3cc66d61d28ef747c99adfc4bd47c27fb096aff000f6cedd205f897f15a4d5ef665708d3d968d6c6ceda3da0608f3ef6e5bafde8ebe79f085bacfe39d351ca1863bb59a5de00f923f9dc9ff0080a9af62fdb2615f04ea5e13f82f0af952783fc05a643ab46cc091a9de27f68de74e0112dd943dc79783d2bc8fe1d42a754d4f545396b1d16565c0e3f7cc96bf8713b1fa815fd512a51a3cd0e91497dc927f8dcf4ead58c70ed2d7957dd6d7f367b5fc13d3ecae6d6df634cd79f6a637264c797b1b1b31dc383bf3c746078c107eedfd99b4cbb9a48f52926924b8918c8f24d2163e69c12589c963efdebe2df801a4196fe1824849deb94665c8c803af35f7f7eccfe1b896e2de2760f1f9ab939c83f2e7239e7bfe42bf9d7c44c55ea7227bbfd4f2b2bbd49b7dacbfaf91f5f7c3b8af2df4fb6731050b186f9c7f11f4c7f9e7b570dfb51fc411a26bda7da9bcf298acccca5b9ea9ee2bd3fc1a968d6691a5d24821c4721f3012aeab9dad8fbac060ed38ea2be3dff8287fc4bd27c31f1074ab5bed516df7dbcc5016c7431823a76c0fcebe271542a629c30f4ef793fc937fa1f571aff57a6e6797f886d627d06f238f1bfca1f36d3c7033fe7debe35fda17ced2fc7da7eab14c035a6a56f70878382922b71dbb0afb4af047fd817044796641925bd8f18af8bff6b18dd269a783875dc49c9ec3ebcf3ffeaafb7e006de64e0fae870e22d18c5c97dde4ff00e09f497862d6e56e764d08dd6ba87973321de919ec770e0676b91ec0e3a57af7c338aded9aee34983324fc2640f607be7807d3b7d2be7df025d497eb16a2afb56ed565f98e49dca307af1ce6bdcbe1e811de25bcc18af1964fbcc08e3be08ddd31c9cd7ca71051708b8b66151b75755b687d5ff07b5db8b3b74fb46620782472ae46d38cff005ad9f8aba169cba75f5e585ac511bbb826731c40ee7ec4e31f5cf3d7dcd711f0935877db697f133911848d00dac3208e991cf2bf88e6bd07c63f67d4bc3d25b05605e48de305b90480307f3fcebe573093965dcc99f47955572e685fa7e47e59feddff000f355f137c51d22cb40b6335e5d7dadada249114cc422be06f239da84e3be2be5df15683ad7c3cf1bf87f49f14fc3fd634dbdb5d4a01766fad42c4ea660728c09ce0311c7e75f5bffc152b431656fe17d7eca468843e238219dda408c8248dd1be6fee9fd001f5af86fe299f13f86fc4024b0f12dd47124f13bac57ac17b3631bbea0feb5fd0fe1cb963b87b0cb9d5b964adaee9b5bdfb35a586b0d85a5876e51bb726aff3e63e88f0f8582fdb737cc31b8e395c76fcb15d178fe03a878707963e52ac19473ce38e0fe3f95605b3c43c512436f72b2c26e19619b0177a29c2920f4caf38f7aea3c596eefe1d771306689ff87182bb4fcc39fa7e75e4e225cb8aa723e6293856528db45f96ff0091e0fe01befec8f88e64048cc0eac17d370e39edc57b1d996b9d596489c49e7104479fe2cff918f5af11698693f132de432637160c54fa0cff004fd6bd8bc2d772df5e1ba86e46f891b6ae70dc608031fd2bdecf69df92aaeb12dd770c1fb15ba6d7dd6ff336b5eb413ea969347788af244408f077380b938e08c0c01c9ce1b8f6d4d2f892cdad95010e57070769e3e5e38e73d7bd32fed6d9b57d26f6f6f238e2f39919dd8854cc6ea198fa648a4b3b736172d6f2c614c7315962393c83838fc8d7c8ce6a74a2bb2fd5952bfb14deff00d3d0f76f044d21f868aaee642b348bb940ea31ff00ebfcebe5ff00da6127b7f1e49a92e4adce9e232ddb72371fa3e4d7d1df0daea41e07920f3be46b97936b3f0323a71c6715e0bfb4d69e9733bdac9204651f280707382720f5fe103f4af2b861aa59f4fcee7dfe5abda61636d9c5afb8fa13fe0883aa47a47c5af8bda06ab0868af3c29756cd6b203b2431e83e277c303c11b038c7bd7c35e00f154da7787574b4b38dc8e6dae048418c609218721c1cf5e08c0afb5ffe0945abf93fb4778c0436a560d434fbf9e420e1831f04f8aa6c0ffbf87afe55f07f856d6e349b1d2fce51b67d2602ecad8087ca5c9ff3df35fb762e31af92d053f3b2f4b3fd4f918a8d5a6a1ebf8348fabfc070787b45923b0d1358fed2b592386517f35b987e631e595a3577002b9619c9620670092a3635ed3fed1e1a7b99235633a857cc7ce41cfde23e51d0e473db3cd796fc14d7ef6eac5b4853b6028cac63452fbf9d80b119db9e7af735ed9a0e9b6ba9680203012614224f3df77cc78241e36feb5f8966f096071ae5277d57f5e5f23cbaf865292874feb4ff00873e7af89761336a1a1dfb47890c135a9e31968a4dfbbb63e59947fc06b7b48da3462d2a82e630cdcfdde31f89e6b63e34f870dbe80ba800a1a1be8657753811821e2703d8b3c5f9563e89298b49990156555c3347264704e3f3ff000afa1589589cbe9ca3d34fc7fe18e5c461feaf88b3fe54be497f91e71e26b6b79af658a640e8678c956240fbea769c7e5f8d775f019a4b9d459235c331e1d7bfd3d3bd715e25b87baf12c57132abbbdec04a4b27076c885771cf00003e98c5757fb3f5d4771aebc67ee88cb7ca33f504faf5af5733527944bd0ac3ba70c0d9ff0034bf281f63fc23b6fb634392abe48456e78fc7f4afac7e0644cf731c70ae6358d80773ce076c57ca5f09ca22f910c418ec4f9978cf4ce473939c8fc2beabf80accb22e5406d848da318e7d3dc57f3ed66ffb5d1df804ad7ee7d1de114c69db767dde09cf5e2b9ff8a2565b47b6ef83bb6ae7036f278ed5d0785dc8d3c07246e19ce7b62b0be215cc9696372d1ed6796d1e2dc47dd57041ebd0e3233ee6bbf10ff75e47bd0d363f9f9fdbef588ee7f69ef8a165b248d5751d4e3dc471b955d979f7200af1dfd80f4d6bdd7b5ad4f0551e7b74dea33ff3d09ffd087eb5e85ff050ed5fc67a7fed5bf1326b1f145dc76fff00090ea412ce797cd8423290e9e5be540c330e991d7af35ce7fc13bb4d61e1ebbbfd81bced59800d93f2ac718fe648afe99c2db0de1e3926bdea7497e09fe87cee229e1a8e5f5b924e4dc937a5b5bdedf81fa09f066d5a78ed6e1dc2ecb84053279c1000fc6be82d0a28a3b791e18e6251cb18c4a814291f2e0f6c1dc49e9822bc37e0de9f24115bef93cb8272583bb920b2f6e39cf3edd6bdd749b22971f6db575574b4cc7e79c653032588273f7739afe68c55aa666efb5ce1c1c79a12723e7bfda62f609e291a3b764957cc3713b4c0a6d6c6c50a0655b86c924e78e0639e37fe09c5a36a37dfb6ff00c22b6b5d274ebc0df1245c7fa5c792f2402d4a6e6c13f2f9ee471c163d39addfda13e246b3e15fb7db68fa94cb0b4e93dd40b2623baf2c36c47030580c9e323ef13c1008f39ff827afc651f0dff6e6f8386caed48fed64ba8965897cb124f7b24120765e5415b78f939da30462bf7af04f0a9e2d549eca2dfdf65fa99612709622528ee9db6f3b7e48fd36ff00839abc2726b5e1df869a943a5d9fcb75770b5ecb0869082f19f2c1c7ca075eb8cb738afce7f00e990b5ca5bdcc24318c89029f94e7a640f4c1e95fa0ff00f07197c685ff00859ff0ebe025b4ea36e8b3eb5234528c90f23c7b5b3d07ee948f5c9af853e19e9d2b6ae7edd64ea8511d44c540c75183ee083ee0f15dbe3362a10c551a69eaa0dbf9bd3f23b33ff7b12d2ebfd7e87a0f86f4cb73197b7ba00c16a249625b7321db19ded853c10a88cc4310a71c9af903f6d097cab4f29dd70771241f4078eddf15f5f2da5cc13dd28b79237923115b2ee28c77f07a75cab636f421f35f197edf7a8b585cb411aaaa471ba3ab39e1b7103807b60d7e5dc08bdb6794e2b7ff008638dca108462d75d7f020fd9974bc7c37d07cab73ba4f35c9519cabcd21cf5f4c57d83f05acc5c4667b0578c886388c7e617f35800c5b25475209031c0c0cb6327e64f803a1be9bf0f340b29640921d16da72aae30a8d12b73cf53bbebeb5f557c0c87c84410fcac5b092292a1871939f6c9fd2a38eb11ed2b566bf9a5f9b67ad4e95373bed7d7f03e8ff0087e9722ce24bc450e554b86e093d01c81c1fcbf1af5ff8411a0f8d9a1de5c49ba3b10d7639f940452c73dc671f957987846c6ff4cd4974e9e78e456505944df216c75c1e87031dbf0cd7a07c38d42d34ad5fc63e28be90797a3780f56b80c1f3c8b4900e3fde2bf9fbd7e5f5236a94a9a5f697e177fa1eb6062a78ea4bfbc8fc4bff008287f8a63f19fed33ae6ab18611416b650441d8ee3fba8e4909cf4cc9248df5635f34492ab6b9717254ec2d8524647f9e2bde7f6b8b88b51f8d3e27be49371fedb9218c9001db137960919eb8415e03110269a4322fcd33139c1e3a57f60f09c152c8a843b420bf0573c7af597d6ab554fe2949dbd5bfd09344666f1542f1c83291ca70c318c46debf406b73c27a6c373711461845fe9437cd8fba09ebefc7a562681228d4ef6e2324ecb26c678c65957ff66aea7e1de993eabe21b6d3a0407ed132451aefc7cc48e727b715ed63a7c9094b6b25fabfd4e6c6568ba3b6e7d37f08ee2e741f086ada9c24982df43bb9c311d0a42d8391d4803dfaf6af9bacacdc698235ce0ba4785233d473fe15f45cd349e1ff0081be27ba8c089a3d1258b00e7fd732c5cf627f798fcabc0741b4924bab2b5690ec338660dce48cf35f05903bcf155bfbc97fe02aff00a9e15354ea568d3eff00e4b53e9cfd977c336f1e9f04cf62c679dd45ab18c636f39c7e3b791eb5f5cfc11b583c4fa7843a8c71c776ab19976e7032338f4e9eff00d6be71f819728b0697649115784318e40a576161c118e7767a11e95f44fc15f0e6adae3d9e976f79141f678c121ced407238c8e8703ad7e45c4556588ccdc9abb6f6bf4d57e47a34d47974feb63ebef845a35b69963650dba1091c2e82465f964fe12467f138fa51f166ee1d4b4f945fdc2aba408b6dbf80987c8c93ee739ce2a0f83371770e9621ba3c43195589b39562791ce7e95cf7c6cd40fd88832380f3e321806d98231c74af3f38c5468e5adc5696b5bf03b9b4a91f9c5f122ff4fb8fda17c7b756b3158a3d7271146a78904772e8bf5c051cd7987edd1a9ffc51be1fd31615885ef892f2e8a01c910c691a1e3da66e9eb5bc7556d67c71a878a6e2e4b4d7b35cc8773eef30b5c33b375e0e4e7f1af39fdab7566d67c59e1fd18cb184b0b4ba99115c94224ba7456fc4403f3c57eab90d3e5cc2927b462bf08b479529d3e576ecff0021ff0004bc3ab13d9184b2cc26dc4ec1b4838c6dee4e739fa0f7afd10fd9df4e8224b3bb99d50189774ae40466620051d872703d6be1cf833650dc69ba7dea4c1916e0c0151f68de0a364f73c330ec3a7bd7e847ecf9a433e9d6771ba262c88f308caeddc4f3f28030381f8d7c7717d4962b32a69eb66ff0671e5f152968efb3fc0f6992494786aea6740ac43ac7f2e0600c023db827f5afcf3fdad16cbc43f12b47f08ea58f2351f105b4774c14e162695564e79fe124fa57e8778da436be09791de34945bb040add3862719cff0091f97e58fede3e2dff00847eea7d4a0b93e6d9d8cfb641da47431a74190433839cf5c77ae6c8a11adc6187a6d5f975fbda3d2aea0eb538cbab3e3ff8cbe3a93e28fc4af147c49bc91cbeb7e20b8ba1bb3c23bb32afbe176a8f602aa7c3bb709e19d52730286bcd5ace08db6e0ba2473bca3e9b9add8fe158ba94c20f0e42377134cf215ddc70001c67dcfe75d3f8174e92dfc35a1db4a8375e4977a823f5e1a45b60beff0035a3ff00df55fd2d5aab8e167393dee7462aab860ea2efd7b9f48fecdfa2dd5e853773978e3c6c56eabc6430f6e0fe63debefbfd9874a3751c6888aa7665da00c83a01b8739527b107f2af8b3f66cd2822dbb458dfb02316232c08071edc96afd06fd97f40b68ad62963c08cf971e0904a77e7d783fe7b7f30f18d6588cd541ed7fc8594d1e48dd7abf9ebfa9f4369f1aa6991ca235198b733af5638c73ea7007f2afc8fff0082d7fc561e17f8e3a069716f0c74fb9918c0c79cc8806413d7e53d2bf5cf5c92d2cfc3f732f98022e51096c72462bf033fe0b65e3a9750fdb46fb4ad3eed5d74dd3e284a86cedc8ddfd4f7fe55ecf00e5f1ccf8d28d292ba8c2727f772fe723ddab0756318aea7db17f24eda5484e4911296053852474e7b0af907f6a8801f39a22a4aaf381db07247a70335f605f471dde9f2b3922336c0020753d335f237ed5502c76bb719f318fdd3d76f43f9fe159f02c92cd57a9e6d69ce1677dbfafccf45f829769ad785742bc63cff0064dbb962bdfca427dcf271ee6be82f0319751d556ef60e76c8142041938047006307a0af99bf65bbf8759f87fa0adaa22982cd6d8bc840dc564642d9ed80b8c7f2afa5be19985752f275358c3b284843a925719c9e87b100719c9073c1cf99c5b4bd962eac3b392fc4718de4eef47a9f487c27d396e27b767560e46e0ca338218f4ec3a723ad7a7f8cfc3b717de1a492d64d92c6d04c13a676c8320ffc0430c57997c0199ef7500d717e504311df0360f5230739c8c631f8f6c57b67c42d1a1d47c1b73692dd3c0b24398e6b66f9a32245656efdfa8c722be0ebb84b2e6da3e9326a4fdaa9747fa9f99dff000589d2a2b0f82f79a9346852cb52b2932a01cffa415ce7feda115f9f3f1b2d0b446e3e590ba862d9ce7238afd3cff82bef87e07fd9bfc63771db3cec9a4adc42c06dc3472c4fbb1e80035f987e3f922d53c25617eaceff0068b1858c80127250135fbaf83b5fda70d527fcb566bff2583ff334c57bbcf07d249fc9c51ee7e18befb65be9d3bbe166862949db91928bf90e7debbbd45526f0c905572321f8cfe3ed5e67f0def16f3c15a05ec91eedfa55b024a72d840a4fa0e87f5af4d8f0de1b90b00efb3d3af5fe94b3487b2c425da56fc4f9d5cb46a4b5ee7cdde3a4fb2f8dad8fd9a6965371b7f751b33b12d8daaa07279e315eb3f0a74fba784cd7d617b68d1c80ac57566f0b94f97070ea0f5efcd794fc664b8b5f1099622d1c8b3361d5be656cf507a839e95e99f01d2eff00b21edf5cd6ae659559648fcd973b519738049f5c9fc49ef5f4d9bfbd9342a27d0e64a0e849ff005d353d13c65a7cf75e143aa5bbda2c3692c45e29a411c8e1a4dbf20fe33961900e70738215887c7710ea2d1ddc2ce1992220ca0649c0049cf7ebf9557f1e5a5bff00c20dfda0fa861e2bc8445082dba504b658704606d19c907e61c1e70df0c178b4db6cbb3348a48909c8e18f4f5c118af874bfd914bb49afc9911ab7a6aef4b7e4cf6af8651cabe1fb9858020498cede9818c1f7e3f4af09fda96792cb5ed22e6588188195e61b0321dac876f208248278c6383db35ef7f07e48e5d16fad08c48006fbbc9073e95e3bfb5769b6a74eb3bc977335bde6d0cbfed2b67bfb7e15e1f0fd450e236a4b7fd51f7f925455a85369d96bfa9c2db7c4cf107c26f825e2af117832fa6b5b9d4aef49d345e5aced1ce8d75e1ed4eca74cae30a56e2453ea0915e7fabdb7d8ae34f8d4f94d14a20dea848da14295ce3a60f61d07e15d27887fb3b58fd9e63d2dac365c45f103418ee580386516daa73bbd7e4dbff01fad62f8a373e9c2f9003b2e44ac37000f278cfe3f957ec552a4b928a6f7e6ff002fd0f95fe163b4da2e5f9ebf89ea1f019a4b7d60e99230f2a6cbc8524c0dc0100f43db3c77e95f4f683a2a5b69a618a389b6c24e4459ea3d7f0c57ccdf0ca6b08e58648e6cb1854a8fbdc91f877fc8d7d37f09fc5563a95b25bea169b42aed3b871c741f99e95f8c718fb5f6ded62bd4f7e3974674f7d4e1be29784eefc43e19bfd12380f9f75673c76b12c19df2aa19a141cf53347128ff007abc43446ce80d3ec237440850b83c7d7ea2beb5f8850cfa0456fe27b25426ce786e922719e6370c338c75c57cbbaf787bfe10ef166bde092ce0693aa5dd8a33707f7333c63383df68fcfbd76f0c62d62b2c92ed24feff00f863e733fc1bc3384bcb97fcbf3679278baf2e57547b7508a523dd1b6c1c9c9393f8d76bf039d175d0810132afca4ff18247ff005fdab88f1b16fed5993630c7c80e7a8c115dc7c00bc373abd8050004b07551b0f18b9638ebcf047eb5f7f992b650da5d3f4b9e0e166bea53a69ebccf7f91f64fc288e5874f8b5085bcb5dcaa0646e38c738ce40cfaf5fc2beaefd9ee5b86b922e62563e5b95ca60f4fd7ff00af5f2afc30fb3b5bc563731e63232703a938ef9f515f557ecfb2b29d91a655629304f5cfd6bf9cf10dbcde3af53dac146315ca8fa53c260369fb367be718c71fe7f2ae63e2a810d9991f90a8780739e0d755e17c14211472141047fb3cd733f17e265b02e99385f97f538aecc75d52923dea6b9a27f3cfff000509891bf691f8932e3ef6b9a83671dcee1dbdcd59ff008276698ba37c31b4d65ad6332319256dd8049f39b6e323d307f0a97fe0a03671cdfb4a7c478d9947fc54776393edc8393ef5d67ec4be1c66f01e81a3da40653fd9e8cca203956640e4f27b73cff857f40e2f14a1e1e51837a354efe8a07c662a528616a2eae775f8a3eccf0158e803c5d3e9fe1db3b94b06bac59c3a8aaaceb136df9242a3048e848c67ae06715edd74b143a56a13cf19b6920b3654dad85419c05551d062bc6be16e8b737be228f4eb781dae668d3015ca941b4393c1f4cf5c8e7dabd77c66e963e0eba72e24d919590ec01c9c05396c648cae40ff006b23bd7f3fca4e55aa54b696fd1fe5b8516dd36cf887f69fd5a23f6ab869944ab230186c1cf4fe66bc23e027c625f86bfb67fc3ff166a561fda10e837da41834f5380fb8a5d3ae1587579dc73c57a77ed63a9dbc6d3c513c8b16e6789d8f2a19c8e7df19e9e95f23783f51b8bbf8e5a5cf66921dde22b78a2cf2c1565545f5e42a8ffebd7f447871cf97e592af1dd2bfddadbf031caea73392ecff0013f5c7fe0b95f1f74ff8cfff000531bef05dbe806d97c03e04d22d65959d5dae1aeadc6a2adc74016f76639c98c9e8457967c21b0964b03a8595b5d08d5479d71283e5fdc1851c707dbd31c605798fc71f8a9ad7c72fdb53e257c5dd7ada14bbbfb9d274b31ac8fb40b0d22ced32a09ea444a4e73f78fd6be84f0e42d6be12d2c9844305dc111d8ac3ef2ae0fb0e7be33d457c5789d9afd7f349d68eb19256e9eed95b4f9fde6d985555f1f29736c59d693ed16d6f225c4a43a289c4efb957680171f4031ec06057c05ff050fd467ff84b2eed8a80f13ec68917e404e4fe3918fcebefdd72d6da4d2e4bfb9c1898ba633c6481c57e777ed91796de20f8a169a2c523b35d6a96f0b13d79654febfa579be17479b3ce77b453662db6e16eaff2d4f6bf85d631e99a3db698d19cc566891ecc1e36a800f3fecfeb5f50fc17b192dac2d7ed36e61fb45ac3243e6230127cdc95c8e46430cf4e0fa57cd7f0fa08a6858c8240be6c61514678c67d4f22be91f8156892dc21b989e5890a928a87042e7ae3a7247b73cd787c5f3e6a726df99df46538ce0adbafc8fa77c1225bd956ee7490ac991185c119008201efce3f4add6682dfe07fc59d72e60d919d1ed34d96443cecb9bc8627c639c8424e3b91ed58be04369159c1710db3abac67cddf28607249040006de303bf3f953fe3df8a2e3c2ff00b0878f7c6d713989af75d86d0bb26dff008f7b09e551cf42be5af23be2bf3dc37362b154d2777ef3fbe36fc1b3e83012e5c57b5fe55297dd17fa9f86ff001a35d6f13788b50f144ea81f52d42e676631ff007de47e9d0f26bc993c98c92c57003676283dff00957a67c49fec75d252dac7c4b0dd5c2c27ed704439b593e6050fa8c7f3af2eb4313da079907caa4e477f415fdad934230c1251d12d17a1f3d429d4a5a555ef349fde8bde188a36d3755bb0551879108047662ec4fb7fab1f9d765f0dac658fc4f633a292430dacabc8243118fcab8bf0dfd9d746b95697fd75d2ecc0cfdd5e3ff43fd6bd1fe0edb4773e2488fd8d24d9064c6c08db82a37673c1f7c8eb4f369f251aafa7fc048c31ce297235a9eebf121fecbfb386ad78a91c5f6abeb3b568b681b8b4825dc01ea3f7479af12d063dda859491db86642d8217765be9f88af6dfda7a35d17e08695a1a5b3dbb4de251ba3660fc470cdc6e1c1c161ef5e3de07899bc41676e5d30783b947af73db902be132092fecaa9556d29c9fdc92fd0f3e2a30ae935aa5f733eb5f80da26afa57815bc4b2c30c91840239580dc4e07032782327fc8afaf7e00d9da59687697a9a67951b5babcec6627ed0e07dfc9036f27a0f41cf5af953c0fa7258fc3ab086cd2731cb206259ba06246063a9dc3b57d71f04ef6c6eb43b6b08702389638a68a47da54ed0b939f704f6afca3115954cd5cdeedcada76febfa476d3b5f9763dd7e1ad9c49a7dccf0a62231068f2492b9e474c67d39c8c1fa570dfb43eb16da2782758b8688497305a49342c580da514b64fb7007e35e83e08654d1a428768daa31d780a07e3ff00d7cd79d7ed6be1ed2a4fd9dfe20f8b99b60d1bc0daa5d315908cb0888527eacea39ef8c7b736230f571dc94209372fd773ae7cbeccfcabb3bc5b2b2b4b98d3cc10dac81b0bdde32dc7d19475f5af37f8997371ad7c5089ae1148b7d26c04a07450d1f9e47e7364fe35df958d7c13713c8c15a3b51e436dc9f3318c75ee09ff00beabce35271aa7c55d6995d8c51df080ba2fdd48916123f2435fb065b47d9549d47fcaff00168f02f2529f33d12d17e1f823df3e055a59c0ab6925bb80be5c912aa86043286c8ee38e0fe3f4afbbff006785fb35b221b7f25f1182ab1e32401ed9ff00f57bd7c61fb3d5c6957ebe5436323031db6c7c0ddb9548603bf5c63fce3ee7f813a6c0b6919853180be5b640009033d7dbd7f3afcab37ab29e7896cd5ff22b2b56a6df9e8765f17e468bc193efb5d9b2dbcb660ff7bae49e7e838c76fad7e42ffc147759769ae3ecc1c2cf770dbc99932a24dd2bed3c752a80e33fc27af6fd6ffda1af92cfc0ac59c0de0a281fc5d78c66bf1cff00e0a0faf49a8eaba4e8f13b2c32eb37523ee5c091e2456e9d4605d103d463a74af6780a8fb7e35e6dd28fe49bff0023babc39f194fcaefee3e6bf10cf1c3a7c36ca1b11a918c8c03c7f857a2f80ec8cd7fa4694a8163b7d2ad51723011a48fcf724f63e64ce7eb5c2f8cf480a74fd1edc6669ad22395c1cc923b363ff001f1f957a87c3ab78aebc5724d0b62396f8b44150e02866dbc7b0fcabf79cceb28e58daeb733cdaac696162bbbfcada1f5b7ecd7a590b6715b0da65e662f264120e063238f973c73d3df15fa05fb36e8f358e80ad3c4a85e42c39c1183802be28fd99f4586d8d802eaa760f342210579ce7d4f0735f7efc17d12de0f0bc5e5a12bb41424e07418efec4d7f2ee6f53eb39d4df4499eae529fb24def65f923abf88174b1786151a3389e4046e032067ae33826bf9cefdb5bc467e267eda1f13fc42c04d145e2692d216dc30162f931cfb835fd0ff00c66d4adf48f055c6ada83aa45a7e9f3de5cb673b5228d9d98f6e8a6bf9d1f17780bc51a0fc4af135bf8ce268751bbd61f5193ce60a648aec0b9864c373878658dc67b3d7e87e1328c738c6e2a5f669c22bfede95dfddcabef3d2c65e951e74bfa6d7fc13f50ad955f4768880ade48001c73ec7f0af92bf6b38d617548c60c6bf3163caf1c91ec33fe715f5bd9c714ba64a92296696020ee5e9cf4fe75f2bfed6768924935dcd0b6c0002234180b9e085ce318e801fcabe6f8266a39d23cec7d96154a3baff00321fd8aef62d73c2d69e1e965688c3a94d1c8428c7cce5f7124ff75f03debea3d06e6ded7c40b1dbeec47f2798ee089718e40c0da0e32012718ea78af90bf6299e048b568de3c14d642c532bfdcdd1ae09c9c75c73dbdf35f5ac70dea6a768d716f1c733a96731ed547077107000c65707180735d1c714a31ce6aaef77f7ab92f9feacafabd3fe01f4bfc0cd5121f1147aadcc69113c448bc801b8c0c927038ee6be88f143a4be12b936b6e5a57b3942a01f798c470bf89fe75f2bfc27d6a7b6b885ed2170ab1ef8cbc9c820af208e878c77afa51b5ab9ff00846da6d363491840a5016e18e0839cf7ed5f96aff74941ecae7d0e4b566aa28beffa9f22ff00c14bf4efed4fd9cbc4da7220df37853505dacbd18c0f8fc7815f90d0bfdb7e0ee997fe7b79a966044ca9dd095ebebf2d7eccfedcb6569adfc32bbd3a45004cb716eca4939dcac31fad7e2f7806e16f3e064319525adde7802efefe61639f5eb5fb1f8313ff008c7ebc7f96b47ee929affdb51d999be6c554bf4517f87fc03d6be0a6a735c7c31d00bae02c0d18c7a2cae38cff00bb5ed562d6f77a19894b30019946df9bb62bc0bf67eb996ebe17dbdbecf96deeee1393d30e5f19edf789af74f0c1b89f4a8c87f9b61192013f747f5af7b892928636a74b4e5f99f373939d7e57ae9fd7c8f9eff6872d6d70e639192449b2014c37d727b74af48f82cf0cb3366dce4dbc4622791fea7f8bf1e335e75fb51412231913abcc496248fef74fa62bbffd9daf1ef74bb5d520da449e4c4ca09e710a023f53edf5af6b3057e1aa735e6bf2ff002262a757075dbe96ff00d297f99ea5e32d30cbf0d67b8b99248d1268fce58817764ddd5572b9c75e48ebf5ac1f0adc25c5923b2c5fba998392982170b818ce3d7a7726bb5f1641027c1bd5a4b844494a08de175240904808efc715c5781a482e747b5748f7295f3017c64923afbf6ff26be1709373c0cdbe936bf0462e94161e327d4f73f81d13cd75756d0a02a6d94e47a0e847e67f3af3ff00da7f4d377a048caa11e1ba59179da300e18f5fee93c7ff00aebd13e05451cfab2c51c4f86b37c2b1fbd8e7f1c62b0bf69bd1cdce8f3aa5ac6ab3332308988f9486f5ce3a8f6af99c156f65c4317e6bf03ecf2169616293bd9fe7ff000e7cb3a0410cdf0dae618b2f1c3e21d3ee4038084450ea880f1c71e62631eb5575b01348f2de4c6f3b7e6ef9c0c63d6b466d6f47d4ed7526d0f4d96decafa4444b6f2c0114b0b2890281d577bb807bae09e4d60f8ce7ba8eded22822daf25d2018e48c3f35fb24673af5a2a4ad6e8feffd5af91f2d8f9fd5f339a83d2fbfabbb3b4f09dfdc59c764546e478c1895570718c924fe26be84f839a8dc5ec61ed91555766e9339cf3938f53938af9f7e14c29a82ff0065b10e62c94c9c64751fa7f2afa4fe09585a59e861edadd3724fbcab2a92a40e4e7a91c0e3a7e66bf3ee2e9c214a49ad7fccfb6cb26aad28b7bd8f5af88f6697bf0f6348c1494c0df2818c631c67be41f6af94fe265d437bf106ff0050b59770b8b1b4965e30df68169124f9ef933a4cdefbb3debeb4bcb68efbc12cd3c63296acdf3363a0ce3a724e3033eb5f1f78e618e3f881a85a08bca0d192a776461b247e8315f2dc1151a55e97cff13c5e245cd183ecff00468f1df1ccb13de3f9b113216661e5918c60818e3deba8fd9826f33c510c622056247601c8c120ab1fcf39ae3fc7c8f6faab3c8c5815dc986fbc3d3f2aed7f6798b45b0f1fdbda584cc6ddb4bb6925937efc4d259dbc930cf3d262ea3d3a57ebf9825fd8534bf95bfebef3e17031a9521273e8edea7dabf0d67b642f39b3eaa1a38a46244795e30739c0278ebef9afab7f6769606b93e5a6fcc2fc93d491d7eb8af92be18cceb6f079909cba28dae7271e9fa57d5bfb359d97c5044abb617e49edc7e66bf9bf13eee710f5fd0fa0c0ab3d3b1f4e7843e587b7ca48c7e1ef58bf16ad66974e3e50dbd4339e99c1ad8f074aa20916153832e578c1efd6a8fc57554d24c6cbd172c73cf435d98af7a9c9b3e8b0d14d687f3eff00b7b785f5ebcfda23e276b9a7e87a85c595af8b6e23bfba86c59e3b6661f2abb28c2e76b753d01e95dc7ecd16779a468d69756a5a316b145145b9f6863c7a8e7823f0ac3fdb53c7be2bf0cfed35f127c39a16a4a2cf51f18b497d6d342b22ca421404ee1e92b60f6383d8575bf002d4cf6d6f25ea64ac636b31db90080147d0607e15fb263aad5ff5430d19a5cbc90b776b923bad3fe18f8ccc6141462a9cb5776fc9ff005a9f5b7c0dbc5f0f5b4d7a612f3ce8ab190bc153b830e0641e9d3fc2ba5f891e229ed7c13756575100254ded22b01b4673b47b7ae79e07d299f07a1b2d4bc3373650018956336e8bf29462c013d4f65efebf9677ed13f66d13c27342d1ca2554e778dbc01803ad7e2b28579568c94bdd93b5bd5d9af5d0cd4152c2b4ba2ff827c1ff00b5c5c08668f742e239238f7f272a0a93923b12181fa60d7c9df0d2ff0067c4df0f5efddc6b56ee7677fde83fa57d1bfb516ba3ed77721db88d5da4507e6015377a7a291f857cdff0c5217f887a223f1fe9d1056cf46dd5fd45c2347d970ecf9bf97f46736069c634a5553deff87f99f6be89772f8b3c7faf78b66d262b2935af155f5e1b6cee119f3042067a9188bf5afa2fe1be9cf169d04b769fbb95f6206392300fca3afafe35e0be09902ebcd6d159c726ed56e1d9e5059cee958f183eac4e3e95f48f81aeace7d3b4d46b08164832c51771f31b7b3798f962370caae1401851c6724fe19c5d889d495df533ad15f5e7aebf9967c67699d06decee3304725cb3c93671b431da58fae369fc7238afce2fda0ed20bafda5f47f0e2cdfeaf574919cae325497c7e4b5fa57f1aae67b2f06472c4ab1ca909ca98d49f9d725b91d4e7af5efef5f9a5ac06f177ed6d6b72085fb22cb2c8070c498ca00149e4e5b3eb80c7b57bfe1aae4ab89ad7d234e5f7f2ff0099d4a17ab14ba5fe7a7fc03e8cf85f1eed3b1711c85259c88dd533d00e38fe7ce2be99f82fa85edd6a0dacb428cf3973332c08bb5db24f08005efd00fe75f37fc33b2d4a6863b1b5b56986e79c46996242a924e077c03dba7b57d2bf01618a48e3b396699090acabb87079e3a608fc4741d2be4b8b26f964fccf4f0edfb7517dbf13e86f0ca456ba7bb450911aa9c439de549048e3f1e95e75ff00050cf1847a0ffc1396dbc3eb208e5d5b5cd4a69d7cbc04fddc100e718e9758ebfc58ec6bb9d3a4f2fc3371005cb2a6d564040fa0c7d71935e2bff0589f10c5e0afd8efe1cf83b72a49ac8175809c309af656db9f5db660fbe07d6be5786a8cf11c45429c5758dfd1ce37fc11e829fb1c2e22a7454e5f8b48fc66d5ede2ff0084efc4b771c0a332c91bbf4e338fe9596d1adbdb06439206064631fe4569de9275dd7ee8c25d64d41c707b17e07e9597773136ad0aa05032c4f73ec6bfb728df952f28fe48f322a2a0aeeef42e6830ff00c49214de70f752ca40f4f953af7e56bd63e0ec36b6daec378670a8ad18756c7cd86c904f231c6327d6bcab40544d32c53c94245bbb0f98e326473823bf5af63f815a30ba92459b2aa59739193d0678efeb5e1e7f51470951b7a6bf99e4667aa972effe4ac7a5fed833489e16f03e94650a2617d79246ac76b65e2891b193c8dae3f3af39f853a3cdab789c59a142b8501b2319ce7f5e4fe15d4fed77abd92fc40d174895b2961e17812409d03b4933f27b9da509fa552fd9dac1f55d61a4585d4246acae0101ba0c13e9cfeb5f1780e6c270b465e527ff008149b5f99e7420ea63ecd696b7ab4bfa67d7ff0005340b84f0dd998aeff7ab222c24392d112f9f979c2f527b0eb5f4e7ecf7e02bdd3f56d2d752304505fc7e6e263feb4890e10f61ebc9e841ef5f3e7c31d34e8f6b19803c4f1796e01c11feaf3d31ce7298f6cf5ea3e9af82b7efa9666d56606490a98c00447131550ce17b1211471fdd1e95f8d52ad46ae6ae555df5bae9f7fe5f33d784a5c9156b58f6ed16da3f0cadc42b6be6a6258963590061b90a820e3b120fa718af09ff008286f8d4786bf61af88be10909b5bfd4d6ce313b3e04f6b2cf16e5e07ac4473c738ef5effa20b7bfb881a55c0f9a52ee000401d877248af8d7fe0b1be28834ef8317de1d82de391efbc43a6c5e795759228d64f3762f6c657073e80e2bd9c3370cd28ba6ec9d451f93dfcf637c449468b6f6b3fc8fcff69231e1eb5d38cb1afda3508226676e154cca0b73d860d703f0d1bfb6bc4771ab4d23345753cd3a233637b3cac727d7839f4f5aea759b2b5974abbbe9d9a116b6971297ce3cb7891a4523b67d875fad63fc0dd11aebec123c43332c7108d9fa6f382dd78e2bf52a738d3c0569b7d97e67815799f334baafd6e7d67fb2d693a369e3c9bb58dee6e238de38d25c14e4800608e80fe7f4afb97e0b69b689670cb6f1739195738c9c8620f1edd6be4dfd9d3c23e1dd535bb76966b588269a2546de061fcc0ac0e31db81ce78cfa67ed4f879a25a69507d8ade66f2e240a9c8c709dff0021fad7e435212af98d4c43575f8dff00cac7a18283e46acad7d0e23f6a7bf487c1dbe6011b715619ed83fe27f3afc76fdbeb54793e2a58dac2d02c51e94f7aab1263e79d96372467ef66dce71e82bf59ff006d7d47ecde16957ca2a916f6273c7cabcff2e95f8cbfb63788e5d5fe2eeab7124bb9ed6c61843320567c86b824fd4cf5f5de15e1dd6e22c4d5ecadff00a4aff337a2f9f1ee3da3f89c168577713f8b749d42e98968152eb04f558d0ca07d085031ef5ebff0634999356b32a4ba792adb828243f1c1fc7bd792787ecda3f10cf13c6caf65a3ac5c70431f2a161cf721df8f4cd7be7c0eb189b51876c657240c9239dbdb23a1afd6f89aafb1c234bb1cb9c725e105e56f99f667eced69717115bcf3b2fce823462a01c6eef8ebef9e7a7a57df9f0874d59b425b600cb1ac7185f9bd40ebdfa0ff0039af8c3f666f0ea06b1824458fc82242e1339006e527f1c7d7f0afbabe0c69311d3edda185de3408b88c60fde0b939c703a9f6f7afe5e9d4e7cceb54e9b1f4794d0949a8bddd8f12ff0082af7c57d37e037ec37f12bc6f72c8d773783eef4ad363740564b9bb46b65e09e42ef627fdc23ad7c27ff0700e8bf04748f17fc07fda1fe06e916f6fa77c51f829a6ea812d5db12dba01f649197a86fb3cb1c449e710004654d7b77fc1c67e279bfe195af2c52422ca7f1269da269d10940066799aea6603fdd81c63fda63df9f867f6b8f0ef8c752fd817f64df13ebe97b7b6b67e0ff11681698cc86336fabb5f05eb9005bea96aabdb6a0038181fb3786784c3c72958b95ef3ad38fac5538bfc2499eee6f08d3c2d4a5cb7b24fff00265fe67d9f66246b264202830e32eb9231d48e7f53eb5f357ed7568f6ea238149dd6a090d9ce3247ff005ebe9eb089a6b4dc546044cc6624938c600c138c75ec0f35f377ed530dd6aa6e2e665c46a9853d0119200ebe83f5afce78467cb9d45f43e631717ec127d0f1cfd9475d920d6bc41a09898426f6dee591067000753c63d87e55f65d85c247a369f70604895e243118864ca3241c9c9c11ce4e064f4c57c41fb30ea705b7c60d4a3bd85e412e9ffbbc2ed00ac8b9e9ecc7d6bec4f0ddf4af6d0c415b6424791260e0640c8cfe5c57d571f50ff853e64b7517ff0092a5fa130e5951769687bc7c30bc11dac1e6c99c2e397e8377eb91fcbb62be9af076a135c7865268fe60611c06cf70703fc6be52f87eee8d13c2c1f8c9cf39193ce3f0efd6be96f844b25cf86da340430185c8ce7e53dfb76c7d2bf1a5655ea47bea7a1974d46aab3388f8abf0bedfc4167af7c2bf1659c926a977e1abbbef0a4c6ecbac178b68ba9c2adb321bcd86378361070d71d88047e17fc39b48e3f0af8a7411215fecff00145d44ab9ce178038faa9fd6bf733e2b8bbf00eaabf10b4b8d26bad2f5cb6d6ad926662a258658e5c6467e52632b82080ac463818fc55d73c3d3f83fe3afc68f00de5bc705d695e359e330dba808ac26b853b7b63217eb9cd7ebfe1062293cbf1f421f665097c9492ffdb8f7b1aa9b9babe5f874fd57dc6d7ece17293f81b51b0923c3daeb321540a32a1e28fafd307f335ef9e10469b4f58426d5110057079f94fa9ff39af9d3f67079a0b8f1268ac107fa4dbce001dcf98a7f302be86f01cee2de4456055546e23debea78b21cb8ca96ee9fde93fd4f99a9087d739b6e963c83f697d3534df10d92ea3a60bb8e1d4164b9b58807f3a38d833ae41c60aa91d718c9ab3fb226a8fab785a5b6754cdbc9b8c6c48ca95e08e7d01fca99fb54ea579a3cd25eda94f364b0b9b7463d36cb0b42c47239d8ec07bd53fd90624d2adee9ee143acda65b3ecdd8dc37c83a75effe735e9c97b4e0ee67be96fbf5fcce9c2d28ac1621adb5fcd7f91f48882ff56f85fe248672367d8d641bc1f99c483041e80e0b75ce73f4af3ef86f7724fa488a4da8ab6d130c80795e0f3ea73d3b902bd1742d4ee4f84f58d35e668e2bdb02c622f82fb4f079e841f7e95e65f0db513791a318e2da1a54572a149c4cc496c7de392473cf4f415f0d834de1abab6d24ff000ff8079ad2fa9abe8ff4bbff0033e8bfd9fa74fedeb169555848f88fcc41b7eefd38abff00b4a69d1368d3dcb038575e14e428ce3158df03a62ba9d8e614da2f72484e072073db1fe35e83fb4b68c87c3fa83a5baed36ac76edf6c935f0d88a9ecb3aa6ffbdfd7e47d670fcad8792ecee7e7ea59cba5dd2859c08cdd48c118125b25896f4ea07e62b6359d3f46f0a5869fe39f14c62e6e55de5d13469109f3dd149f3a6f48548071fc678e80d68ea9616565ab586a5a8d9f991af9a90c606d579404383e8a32338ebc8af3df8d7e23b88b5396496fa569db4b9236c8fefe170be8369eddabf6bc2a9e3f11084744d3bb5d7756bf4f37f25aeabc6c7d3a386c6caad5d5b92b2eda2d5f7f25b757a68fa5f827e31bbbad52d3c41a94e93dcea31b1bb50a115e447653f28c051c7418e2bea3f83b72e9199000a0120ae472f9e3f315f0e7c13d6bced2eea08b2b3e97aa2c9094620ac722e71839c8dcac71ef5f6a7c13d51350b4b7c2b6f940241e848c67fc7f1af9be3cc12a0e565a7e9bafc1a3d4cbb1328d6715ebfe7f89ef915fcbff000845d47733208c162c6442723af071c1e31dbbd7c87f105e1b5f88334a3e659d49392300827b678ea3f3f6afa97c67ac5b59784ae6d9e601cc6ac0aca063039cfae7d3f0af8ffc6738d53c520e9258152f1b1dfb8b9c83bba639af86e0ac3b752b4de899cb9ed7a73aca9a777ff051e73f16cc703992050cdd3e5ea381fa66aefec87752ddf8b6e77a870a1c48a070a0b2a963d718e31f4ac9f899fda9148f6d35b2b60b167da494001c9c74c63393db1dab47f64e6f27e21ced6d3af97243bb6a8e321875cfe2715fb0e262bfd5baabfba7c8529b8625bb3b7e5aff0099f76fc3792595e28d7388a30876e780075cfbe73f8d7d63fb3c6d4be32cabe627d98b139c0390323d88feb5f28fc329f746b22cec43b65c8e03027b8fc057d69fb3cc7bc6e752a5addc9561c745c11ea7ae7a76eb9afe69c627fdad0d3667d16060949dba9f4af801e2480b885b683d07618acdf8bf7f1fd8e478a2278c08f68e6a7f07ed6b6001f9770c0039e9ce6b2fe26fda66b131c4a378e2353d4b738fc6ba31336a8b48fa3a6dc21a1f825fb6fd80bafdb03c6bb011bbc512127a74553f4edfe715e99fb3ee9692dbdbcc58461027991e5839624fbe075fc33f81e27f6bf5b793f6baf1dc6f22c4b1f886463c1539f2941518ee738f4e6bd33e01c690695636d049197697f7be641b8e300fa71f51cf06bf59ccf112ff0054f091ff00a770ff00d211f9d63d45e2f5eb73eb1f847a8a693631249083e6b42b0c8eb9dca09055467d7393ebf95737fb5b788166262876f9781b4af2640d82491ebd7fc8ad4f02dba343143672b6f69b054c632106d21b3efcfd31d6b80fdaaf54304823854208c6159971d0121abf27cbeb55ad8d850e9cd7fcdfea74622df56d7c8f807f69fbe83cdd52e37c644514d1c8cd904b3232000038fbcc33c67915e31f0ac28f881a25c30caa5f46ecc4e781fe7afbd7a4fed2ba92a41a8d987595a7547f3421c063206c72074c1cfbfe75e77f05ada4d67e27685a7c499135fa6fcaff00028663fa026bfacb26a7ec78724deca2feee5ff872f2da74d60979b7f89f72fc23b3b986fa2930a5d9431dca18b36474e09cfb8c1ebef5f4b782adc982311db2b48e7629f28e704ede3b135e07f0634e89357f39951dc8520b265801e8077ff0afa6fc1569a6d9e930cc887cd2a644f282382c578ddc8c104e7d738e8473fccdc5b8852c4599e5e1a3cf55ddf4d7d6e607ed1f7ad63e15bf82389a248d79f317e5dc10631c74231ebf857e667c31b9bcd67f6a4d57585512bdbdb5c491ee4240ccaa3d7d0915fa3dfb51ea083c0ba84b3799286b460a6573fbb7eef8e4f2015c74e73ed5f9c7fb3659c5a87c63f135ec8858222c4a14776690ff00ecb5f77e1c722c831f5d7f2a5f7b48f51c9ceb452e8bf1ba3eb6f00246d3c66de4f323d80b44e067270481d08f4cfa71debe9df82925e2f969a69086588aaf9ae1970474031c6393f97719af9b3e0fd94bf6f5d4902c8a2364963d993903703804719c7f902be9ef83e6ddedada58620a4468ac514a8047009e7a9efd39e7debf3be2ca9cb2b763d2a5ef55ecffc8f5cbeb73a6e852da898b15655128c61b807a03dbad7cb5ff05f9f1d683a3dcfc3ef863aeeacfa55b68da558c51dcc766f3846163e71758d4e7937982707ae7be6bea99ac4df58d958409fbcbcbd4881392725c2804faf38e3d6be0aff0082f1f8cad7c69fb5cded84062960d266be82074507222682c949e7fe9c881f43f4a7e1ce1e389e2984a5b26b6dedc937d535bf2ee99dd56b7d5f2fad51ababc15be6dbfc11f9d7a94714779abbe9daa35ec0d7ee63bb1098fcd4dcdb5f61c95cf071dba5626a2c56d3cc197f9083c115a51cdbaca788f1fe90dbb1ec7a74accd62790e99f648e66da48674c1c31e80fe44fe75fd83422d492f4feb43cfa70a16bfe1d8dbd3e3923b6b48f71c476b093b415fe1c9fd4d7be7ecfba74f2cd0cf621a490ba146072aa770c0cfd7f3af0b82d561d4dadd7f76f908855b8c0c0cf3c76afa43f671d1248e45b0b24458a2922c4cef82cf91838ee0800e3279fa57c8715d650cb9bb9e6e632841a5fd7523f8d9f026d3f680f8abafebde16f8dd6169790df0b4b8d2f51d075092281e089626066b38a754dcd1b10aeab8e87de6fd9bf40b8d2eea4f0fcb7114b2d987b6dd6c7f77332be0b2b6012a581209e703a0af02fda2746fed6f8f3e26d7341bf92d646f145fbc57109d9221372ea0abaf38c053f5afa73f66ad1674b7b5ba0ccd26dc92e9cbb8383cf53c91fcfbd7819cd2ab97f0cd284ab7345c6368b8a4e364b4badfe7a9e8e3a78374a9c70d1b357e6ddf6fd5b76d8fa9fe1a68be2db4b6d37c49a3d9398d67744b9b69564114aa088d182b651895f977637104ae71c7d01f09348bbd36e6dadee2eb7092d97c9f9c9f2d7a15fae73f9d795fecb7e3387e1d78d2c7c55e2ed025bdd0398355b18e3d82e6df7297420ab2b9c7cc01c00ca8d905457d55e39f85965e0fd7ec3c55e0d9d350f0feb1025d6957b6d2168de17c9575c8ddb0918c312f1b868dc9215e4fc55e0e9d783c4425ac1eb1ea977f47b791cd0a2e7479e9ecb75d579fa1df78034f9ae7ecba742d1990c58326c3800e30c7d857c4bff05d7d317c39f05fc0325e02353d57c6924782a10343024be6291d490d2c6431ecde8457d8fa178d0f82ace6d6608164b84b645b68fb0763d4f1dbaff857e79ffc16cbe2bddf8fdfe0c5a5dcd0acdb759bcb982de4de033de431293c1da76c6383cfcd9c60e4fd5f0e55c0d5cca9e1e5ad5d64974b2b6beba7ea6588e478795fb7ea91f12f8fb5196d3e1af880c0db18a18f764f5911107e1f3d1f06adb50b6d06c159962f2a3b68a46721b9c8008cf5e54e7eb51fc62786d7e195e203209a7d5ec95001c905598e47a7c808c56f7c1ed36f27103c709748b64b2ee6180c3eeb907dcfe55f7d566a19349f797e4a3fe67cfe36a3a78754b5f7a4fd34dbf53ec6fd9234bd5ffb4df47bbb636ef732c6b7122cb80a84f51ce30491d381c62bed8f035f19ad6d675651f68408d8c7df0412cdf5c9fe5c57ca9fb32e8f6d2d859dd5af992dc45a333df4ac794904876e3db6ec1ec7776c57d6be02b37b6d161944b182912eddc85863dc0c67a75afc970f51caad49ed77f969f76e7b1808fb3a2a27cdff00b78789d6d342b9b1f2d54c703a09b6905f2dbb2c338c8042f41c01df9afc64fda2d85d7c52f135a58ce6458b5796c95c1041f2b107047041d9d47515fae1fb7e5edccd7034b59d13cfba8e032ecc11e6480673ce383d7d01afc748b5fb8f18fc4d4bebaf9a2d4fc44b3c921e4e24b80e4e3bfde35fa3f83b45ca18ac4bfe6d7ef7fe45e03f7d8fad3974e54741a3ad9bf8d75bd4123debfdad22c71939dc8ad2641c7bbc7f957d0dfb3fe81098ad658d77bef2564618c9e72573d71d2be71f879ba6b9b5bb78e2769eedeefc9914ed9332052ad839c1f2bd7a31afac7f67dd3259ef2de149c7eec2ac4acbc293b89e7d324f15f51c6f8870a1377fe96873e239278ef795fb7ae9fe47daff00b3158df4aa9752c4cc62d836007bf1918f607f0afb8fe1adb4fa2783424ee9e6bca7cb2898db191f2e49fe2eb9fad7c75fb32e9d7223124eaa5a1d9112a99014f1d7d72c7f0afb33c3c645d190b0fb906e19eb93eddebf9b2328af69517567def0dd15524a6fb753f2d3fe0e4cf13a43a37c22f8550382fa8f88352d6675ce430b689210c47b9b97c1f635ee9fb027c1ff00871e29ff008263fc2ab3f8cba0dbde9b6f10ebd3691f6b76cac3345a6b7183d3e551e802802be39ff82fef89e7f16ffc1417c35e04b69cc907873e1b5aec4e4ecb8b9bab9693a64e488e31f957affed05e2bf177c33ff8253fec7771e0bf109d32e753d33c5edaa49e6b219da3bdb258feef5da842f35fb964785587e0dcbe9decdb94dffdbce6d7fe4b637c4e3634730c43946ea315ff00a5451d469178ba72cf299e345fb36116239ebe80f19f7af9f7f6918964d388b8312b49b8eef348c600f6e7fc33eb5ee9a5f9771a789519bcd640ddb279af1cfda52d22b8d30bcb75296fb3b88d554101b78ce73d46dcf039afcb386da866d14fb9f298973a9857a7f4cf947e02ddc965f1ed119d713d9dca006420271b81e9fece7a57dabe1398dd68c90dab471c46357b86c70b2640c923af45e3d7f4f84bc2d777161f1a74f9e1730b1ba68c82bce0a32e7d7a1afb67e1b4b14ba48549f6318811193f29604127f2e71f5afd1fc40a3fbca357bc57e6ce78fb350518ae9fd2fc0f77f84f666fe449e27672a99c44dbc8014b1cf238e09ff1afa77e0820166b14cfb51938746ce3e6faf06be61f845708f1ac902ba4664531b4ae3208e01381c9c7f3e95f547c2a0b6ba62206dec10956c1eb804638e981fa57e0f565c98f97a3fd0f4b2ea718ce2fef39bf8e7a4dbea3e18bfb39dc176b47519383c0fe75f8c5fb57e951e89ff051af8d7a75b0548f55921d6208c1e02dcc36b7000f6ff4923f0afdc4f8a9696c34c985ddb974dd860920070412c01c1c123be0e3d2bf17bfe0a196f6d67ff0544bafb2446da0d7fe1de94f0aa3160de5e8f147b7711f310d6a573dca93d6befbc18aae19c66341bd1d172ffc065097e499f4b89a7fba49753ca3e044b35af8f35cb052bf3e9caee3247dd93d3fe055f45fc3b99a5b269657193c911e4e0e78c8efdba57ce3f0a248ec7e32c90cad9373a64c8d95c67055b1ff008ed7d0ff000f2eddb0af71b321b0186371edcfd2bf55e2d8f355e6ef18bfc2dfa1f2d5e9c6389524ee9a7f9dbf03cc7f6bf4963447936860ac114b678ce40faf1fa1aa7fb395dae86915e5eb2c7145a35a062c4a8cbbcc739f5c0fd6b47f6badf25b2ccc809f2f3b8af18c9febdaa5fd9bbc51e008af35cf0e78b2c6f888b4bd2648f50d3204b89218d2165923f21e4895f734c1b264183174e723a68b94b84946d7ef6ff1457ea7a181c34ebe12bd2bef6fcd7f91f44f8325f0fea5a143fda1aa427ed37fe5471c7300ccab1397033c0243c433d8edebcd795781ecbfb33c4977622ec7ee351942b3b7424ee031e849cfa63ebcec3fc45f00697a4193c3bf16bc7705a19a5b98ad2db4b9e08607c206184bfea1428c138f98fde19ae07e1578a2db5ad7b57bdb0b9bd91a5d699e692eac12dddd9d14eec248e0f739cfb7a1af9ca3974e9616b4d5ed6eaadadffe0938bc2430f835524aed596eb6d3b36dea7d43f0a664b67b7104e4ba4c6462dd4b75f7f7c57aefc69b1b8d63c2d2ca60625ed3710877154ce0b371819240fc4578c7c2bbc84dd4519cb095894671ea383c73ed5ef5e3d816f7c1f05f4332488d69f79030040c71f373dbbf7c57e4f9bf353c7c67d9a7f89ae4155cf9e27c0be3b8d63b9b28cee468efa66248c7cac178ff00c70fe62bc83e2d6a6b26b9abdb5bb28611411b2e0e303271eddbf2af5df8e1b740d6ae5a632a470aa491f95087640e338c70339cf5f4af9ef53d42c3573a8eb169ab4978d24c773cb6e633d3a104fdee4e7b57f4070d51f6b4e35ba597e2d3df632cdb0b5678de6b2b7aebb3e9f31ff04665d3fe21df68af79b22bed0c4f2313c02a7a8c74c2bb1fcebec6f809e2182dacec7ccb9623795662d8057d73f97e75f15f87ae92cbe29f86ee6cedb22e3c36e92a2f1bd9a09d7bfb807f0afacbe05784bc5babe99661345952269a3c7990be5c7462171db15cfc7942954a2a751d938adfbeb1fd0c6727425050577b7caffe47b978ff00c656f269f1e9970a3cac2e4ae58b0fe2cf3d7f2f7e2be76f1894d3fc7f0cd73e228344b6fb481fdad35b19e289065b73a6e4c8c80a791804f3c57d536ff02b55d66c5ae359f11691a6a83b1a2bdbf8e37c8078dbd41191c1c73eb5f367c76d1b48f0a6af75a45ddfc17692dab22bc12a480e4ed5601723839cf3dff1afceb861d1a55bd9c53f793e9f8eaadf7dee70e230f8aa98b8549ad13fe93f23c87e2deaff000f66bbfedcb8fdaa25d62f58f9971a6687e04574858050159de6113f39070cca7f122b43f666bed1350f1c4ada3dd5e5c6f40f37db2d63b7c124721226650a71db1f4af39f11786adac849b30433828e38047ff5ebbbfd8fe36b5f1b5c794b82426fda7a0edfe7d6bf54cc30f4a8f0fd5e49b95a3d54176fe4847f53a71789c3d6a52a4a9a8df769c9fcd5db3efaf86ce0584622951738d8071c6071c7d6beb9f8012c22ce1dea77bdbbe4a9ce0fca3fc8af903e19c816de2f29d5c6d0492b8c0c0afaeff67d9659e38a52abc5bb0240cf000ff1afe5ec67bb99af9fe85e013ba47d1fe0a406d37bf503e650d824e303fa7e00d64fc51c8d3b7b270aa4e7a7ad6a7814afd99245ebb41627fad65fc5224d84bb8123cb079e87afe5c518c93f62cfa087c373f0c3f6c7b432fedabe39460c47fc248cdb54e38f2a339e7eb5ec1fb3ada34f68b345086118dc8579e723ae7e9efc9e6bcd3f6b726eff006e4f1c4370ebfbcd6c26e04e7fd445dfdc7e15ecbfb3868821b31e5a3b078b73248090c47f2c6335fa567d5f9785f0aaff00f2ea9ffe928fcf31b15fda092f3fccf73f01c62d2eeda39366d68cb6d738dc064647eb8ff39f1dfdaef5bfb56aad041751175b35442ec146446002598f1cf524803f0af6ff0005854bbb7bcbb449144323a8cf258a71d3a74cfe26be60fdad3c44865d45ee1d9e4303823ab64fa7a718faf35f09c3547db6690f36ff004ff31e2d5b0c93d363e0bf8ff7ef2ea8d6d24a4b96272d316c8da3e6e4753c1c76fce97f657d1c5dfc63d3e70038b3b59ee486e81847b57a7bb60565fc6dd47fb47c4e648e22acca581cf5e83a7b6d3cf3d7dabbafd8cf478af3c4daaead2aae20b48a35dc72773b16e3fef8fcabfaaf173faa70acded785befd3f53b145d0cb62e4efa7ea7dc5f013479354f1242f12c529481a472e4fced8dc1782319c019e3a8af7ef0c432a5a36d956330cc5e385d8e006e78e08e31f5e6bc77e025cde5bdbdb27db9e67b65fb259ef91b3144d2348428e8a0bc8ec00e32cc715ee7a7e9e1e692340646d819d90120a81e9f4afe47e26aede39c7a1c187717671776f7f99e1ff00b62ea9736bf0fafbcc4c910bb6e04e48db924902be0cfd90058aeb9afeb57c41325f6c5c372c553af4edbf35f6afedd1aabc3e09d4b4ff00b4186ddad2563305c9e4602e3239278c9e9c9f6af8f7f646d294f861af903325c5f5c4d36e6c103788c7fe806bf5be068aa3c118893fb728afd7f43af0fcd2c449dbe1b2f9deff00e47d67f0c1ae238b649958246468c81d0e3920e370cf70300e3dabe98f85f65e5e9913c114617e623d7db38efd6be6df84aaf1dc43e6190372544a33ea3b8f735f4efc2bb4b8974881149dcec3e4da41ebcb1c761c0afcab8a9b7579575677616519d6f97ea7ac785a7934bf19f87752beb57115b5d477ec5870c90fef18e075188dabf29bfe0a23e24bbf15fc7fd6b56d55cf9e9a4599bb0ed9db34d35cdcc9d3d4cc0fe15fa85e2e9a3d22392fed50c863d21f254e4169418c0ebc821febcd7e4a7ed85aecdadfc6bf88d7be606f2f5c82d977af68ac6056ff00c7b771ef5edf8534672cfeb5fecc7f1e682fcae6f8dace1819535ddbfb95bf567cb88c56cdb6b0dcd71273bbd5ba0f4aa7790b33a2160774ca3ef6704902ae40d1b59a96eaf23e413fed751efed5517ce7d46dd5a520897278cfbff4afeb7868dbf53963187339753a2b1ba923be8aee4704f9a3691263bfbe7be2bea8fd9d60b182df4cbc8f539125826334a33f7d464fa71d3a63be6be52d14a9bdb7139dd12dc0122a8c1db915f5478366b4d23e176b7e30b1d551a6b1d1af89864560fbbeceec87a60e3a139e30bdcd7c1718c5cf0b1a4b793b7dfa2fccf231726eb3b1f334f793789bc566feedc3497b79e749b58e58c8fb8fd0f35f67feccd60f1496097024787ed5119511d492acc0903208c91d38233dabe2ff000846b73e29b18cbb645cc7c851f2e0e735f677c19b9f2aff004e4b5b12c90ca8cca8db79c74001f63fe783e771e36b031a51d926694f111a5cd6f89b56fbf53ea5f08dacb77756b6d318e472247bb4d8503132658e0600fbd81b71d3a7afd6df003e21787f4ff025d7c18f89fe1bb8d43c3cba89d4347bcd3c017da35c3805e480370f1b100b444ae7731c92715f207c3ab7b68352ba8754976a5bc48d118c9621dc0f941ce08cb0cf53f2e062be99f82365711590bdbe224053640186581380739e3a035f86e5b5aa50c6da3ab9277d9a6baa6bf1f5b3567a9e861ea4e84d5baee7a25df873fb499749b1ba496393508e0fb4ec70ac9b880f8c6e50783d33ed5f97ff00f057cd5274fda33c2de0d81614874ed1dee87970aa3bc975749c970bb9976c3180a490a4310016627f526f9e1823b792188abc77e268e639ca9400e303db775cf27d2bf21bfe0a53ad6a1ae7ed94fa9ddc404726970794547ca543c9823af190473e9ef9afade1ba545677076f7d466fe495adff0093239f13cb2bc2cfe5f79f397c7a96f616d3b44c2e6ea78e538ee634954feaf5eb5f00b46b8bf74b6d38e552d2179249001b48003641f5cf435e49f1a6ed64f19e896d248ccdfd9f2cb851c2979360fc7e535ed3fb3c485aca257b8b98ad5ee0c4f2d92fef42ef01b62ee1b8f3d0103e5c715f779d394387e9db777fcffc91e3e2a31752306f5dff0017fa1f717ecf3a65d5983a9d8dcdb235e58627567248e9941c7078386ebcd7d3da408acf4a2a8b1a45f379401246140c6371dd8c63afaf3cd7ce1f00a51aa6976576f13399673e62104164c01db9eb93fe715f42bbc961a2ccecb1a298d837991127685ea06473903248e99e07047e37829b8616a4dbd9fc97f5d4f5309151a57bdcf853f6faf14ad9dbebdab40c43e93a4ddde95de010628d8e47ae32c4e3fb99ed5f941f0bf4ad7356d6e19b47d3e4b992c2d2e7509442859a386de079a49081d155236627b004d7e847fc154fc5474cf02788674bb58a67d39a1fb98f31669440547a1dacded8fad7c63f048dbf81bf67bf1b7c41374f16a7e260be10d09633f3181d3ed3a8c9ed854b380ff796f5c1f7fdb7c26c3fb1e11955fe795bf0ff0083737c9e9a9d39d4bfda6dfc914be1bdab0d42da2f322d8d6e836b36546e1b88cfaee63d2bec4fd9e7488cde5bb453316ddc2920ee2081c0ef807f5af937e1a416d26b0970cff2094aa8dbd40381f4e057d9bfb3969d76750b4926b1495fcb5cf9b19da547b8c1038c707a8ae7e3eaf6c3bd6da1e7d39bab8e9cba5fee3edbfd98b4bb6975186dee510eec34441c28c027ff00d79ef5f54e9d3b45676f1c4a86d7c96dc49f9b7860473e98cd7cc7f0311bc33b25daecd2db2a38c61769c1e80fa8fd2bdd8f88e7b5d3a0b0b728d34c024485b018f0075ff3d6bf9fa328c709293df5ff00807e839363150f75f53f07ff00e0a3fe389fe227fc149be2cf8b4dc318ec75b874b8b6e4045b4b5860603d7e74739f524f7afb4bfe0a0ff097c6be14fd8b3f646f86fac452c7a5d87c2b9352b30e163952f3508ecaeaee36cf276968ba9c825abe00f0bf85aeff00684fdaa359d0c6a318bef1f7c4fb9823b8b78d9d0497da9940e807de5065047b57e91ffc16afe2ee87f1e3f6c19be10f83efa297c25f08b4a87c35a3fd9c892392ec287bd7040e0abecb661d01b3e3a9afe8dcd21fd9d976130b176f630845ff00dbb051ff003b9e13c5454319889abf3b8c62afadefccfd34454d22281adf7c78da6dc05047f174e9dfff00ad5e51fb4d68f343a19659487c3288c228c739e79e7208e3b66bd73c38bbecd64fdde4265173c29047523af7ff0022bcd7f69eb3d317c3f04d6d6eeb22ab7da074467e48c7d401922bf0fc8a6e39bc15fa8b12b970af93fad51f0a5ac967a5fc5ed1752951cb47a9c658c8c1c32eee71ebd4f6eb5f677c25bdd3e5d22dae2676512a9576455271df233c74f5ea3b57c53e2336f1fc49b577ca85ba53b557eef5e011f4eb5f67fc27bf82f035ac688224568e154e371c11bf27ae4678fa57eb9c750e6c0d09ff0077fafcce0a0a7524e57e97fbd9ee3f07f508e19a0b29a491097daeb229daa3391c8eddebeb4f83babc1796211e55cb22e467938047a1ed8af8afe19de8374edf3af9936d2cfb4b6327a67bf1ec7191debea5f817e21b684c56ad10566254e46320723dfa57e059843d8e617ee7665f552aea27a07c46d975a5cd98f397c8e78248effafe75f8e7ff000556d0dfc33fb76fc1ff0016de003fe121f0508ce4e38fed5d56cc0c77c0c0fcabf63bc66e66d3ee00412218d7014e403c8fd315f92fff0005d9d32db42f197ecefe3fb66f9f4f4d5b4c95c7f0fd9f59fb601f82de83f8d7d67840f978ea741ffcbda5523ff9249fe87da55bac3a93e9fe68f9774548ed7e38e9a244551334d09390016685b049ff007b15f42fc3ad41d2516d305c8c8c300c0e7ebdf15f3e788d5b4af8cfa53450e186bf146c36edddbdf18fc7757b77822fe78b53648e5dbb1c211b7af073c57ed9c470f6d86a53fee2fcdff99f178d9daaa7ddb5fa9cb7ed557525d5abc18380bc0e33c0ce3f5c7f5ae17e0cde19fe206bad69112a6d2352898daea0aaedfa671e9d3a8aecbf6959a59ace568d41dc3734a173ce79fe55cd7ecff06956de28d4248dae05c4f61fbf8648f8dbbd4e47e38f6e6bab2fe5a5c32f4e9fac5fe877e0aa4e184acd3d6cb5ec95cf63f0df84d2c1258ef2c1eee3b88d4fee245090be438392a78e808e39ef5c6f8005b691e2dd6ec2c9e2522ea266308d8581de37631c67a7415db412492279b144dc0dae067e71db81ee05713a3b341f177578d2011b5cd909195d8f3b6552473cf01fad781859cead2ad19bde29fdcd7e8727b5a95f0e92774ffe1eff007d91f4bfc2f9e38af15e28f610c9f20e0018e3afb1ed5f43a88f51f8700420662054286e07071d871ed8af9bfc01796b35e40f6e5bc964511e413f305c103815f4cf81922bcf0bcda5c691b131075009c608c71d00c1f4ef9afc6789172564ff00ad0db247cb8a9463d4f81bf69a92d22f12ded85bdb32bc5619b82cd9dccbbb2dcf4c953c7ae6be631bed7c352dd286c3c8cc555f1bb3ed5f4b7ed65f0cbe21fc2ff88ba25d78d354b3b88bc7da6ea773a6dbc39f3ada08c3343e6e782ceaea46d381c83c835f32eaf76b0f852149db6fc870768e79cf35fd17c274b932da718be64f95dfff00024ff14d1eb676a70ccd37a2e55fa7f9dcafe18d6f45d03e28782bc45e25b296ef4eb1860b8d4ad62936bcb024f219114f625148ce7bd7d6fafea9fb26e9e91a58f8ff00c4fa690c279ad4ddddc6bfbc00e23863b0b958493d7fd21d78c67a57c513c82fae74e8771778f49743bc0ebba4c01ff7d57d25a6e9cfade8fe1cd5751b71225fe8b6cbbd8025bcb5556524f42323f022bbf8970f479a8cea36b492d1dbadd6e9adafd0e25898d3c3b5257575f7edfe47ad5d788bf66df0edede787fc5779f11b55786707ced0a3b681e128b2466169a7d80a12ca49f209251707aeee78fc5df861e1ff001141e21f861f014b3db48890ddf8f3c43fdad140c0e4cdf678adeda391f232126f363e30c8e320ec786fc1d6570d1c305b0dd3f0b1f24138ce39ac3f14f87bfb2c9861b588c78c2a29cf23ae78faff002af82c3e2b06aa7b349b7e6ff4564632c5f22bab76eff99e3be37789dd7cbb6d91baae476e00c9e9f5e3b5743fb30830f8fa58b718c3479d808231c1cd737e2a5b9670e532a136e30300ff009f5ae9ff00668b374f892264859bfd118118eff2f35f578eb2c8eaafeeb3c4ab526aa4a6fa2fc0fbc3e1ddab8b08ae3c997630312dc63f76eea14b20603058065240e46e07bd7d63fb395c6c5d8ce76c509e001dfb7e95f30fc26f1e788b48f8757df0d0cf1cba4ea9796da8cb6f71196305dc28e8b345cfeedcc72491b750ca4679552bf4b7ece53cb35a812b7ef1a27deabd970318fcebf97f324a399d37177d753d5cbd26d33e9ef02c91b58a156e4019f53c5677c4856974e9433e030c1c775cd5ef01951a6222e090c36b8f5c7bfe1553e21a3a69ee123ce170a48e4f07359e21f345dcfa082bc51f88ff00b5341f6dfdbabc7af712b175d72348886e322de0ebf4c7f4af79f822971731c50686274896ce3332143856db1a48c0ee600339c6739391c28205788fed276017f6def1ecb22ee29adc419594e49fb341b8feb5ed9f076deef4e7862b6940450bb49504608cf06beeb3fa8a5c3d848ffd39a7bff8227c06267ff0a124bb9ebda34c967034f0607970bb125f00fcb8c1e3b73f9d7c79fb5d6ab6a9fda17aec09529b013f7b2707fc7f3afad351d4d6cf41bb112e1bc960484cf1c71edc0ed5f137ed577f2a24a6e630d1bdc300f93d1707ff00ad5e4f01d1757364df97fc1fc8e7cc1a94231f43e38f8a57b0ddf8a9e5812403ecb1ee4c15dafb407c02cc71bb71ce79ce70a3e51ee3fb11e88d1f86aef5a64da66d5360915b04c691ae07231f798d7947c4dd022d63e15697f1434db158ded75bb9d0b5860c9977205dc1315ddb892b2cd1eec6008106726be87fd923478f4bf86da21837b1b906e51a45f95b73e40f43ce3d7a7b57f44714e2a30e1a518f5972bffb76f7fc935e47a999d2e4c145eca5caff000bd8fb1be03787b4cb8d2edef2d84aeed3a06654dde49ca8c37202e70cc3af619eb5eccd1bd95dce914f2a88cec621f965e8327dfbd794fc1cb36b4d32082cae21123c8a445b1b764b1c9ce36f1b41edf7c633ce3dab40d3e3d4ed7ecf27940dc951e74cc42c7938cb1e7800f5f415fc859ece55330767bbd0f3b0708ce0b956bfe47c67ff000520be834ff06dec2f7499fb09dc5141dac7255739efc73db3f9fcd1fb2b5b4b61e01d315272cb756ef34e41fbc1a57900f7e715ef1ff0551d72d06917f259d946918b18d5a38a4040db101b8923a92bb8fb92057907c00d3665f03f86ec6e991521d2ada34db18665ca063d072064f15fbb70cc7d8701415fe29dfee8bff336a4a51e6b6ee5f97fc39f53fc20b6b63a559b244c67772ae7712c7b8dbc6dc73dce6be9ff0086e96f0db40d3de1c28e6209cae4e78ebc67d71dabe6df849008658a28d5b780bb72437c83dd73ea7f1eb5f49fc3b82d2d6c136ac8d3100b313c0ee303d07f3afc6788aab8e2f9d74d4f57052b277dcd8f889a8ac9a4ea7742011a6db4b756f73286033d86227e3fc2bf203e38eb5a77893c63f117c55a55bbc1637ff1175cb8b285e7f30a422f2558d77e06fc22a8ce067038e6bf5bfe256b169a3fc3bbabe989cbf882d65cf95ff2ce082e19c67a0189909eb9c2d7e2e5b5e4da8fc315d6679db37d713dc4a428fe362e4fe6d9afd03c21a2eabc4e21f7a6bef751ff00eda8c7339da959abdeda799e54f73088e0b7f341dc58eecf4e49a7ad84f16a30b4aa046549049ea71f4aa5ac6a5a6dae871cf2f84ecaf09c0691e49236041c6728c339f7154fc37a84335d4b1c3a21b411405db65cbbaf2ca3a127d6bfa8a34a4e9b925dfb7f9dff0003b7ea94de1fda7379f5f99e83e16d367ba292a236d0e049b71c0392063e8a6be87d52e5748fd997c537d77952fa6c30dab3b0f9cc93c5090b9ff659d8ff00bbf97857c348efaf5bfb3ec8c9b64dad24101215ca82149c753f3b0e9c67dcd7b5fc7446d0bf664b1d2649d1257d5eced4c1b73e6f134c5f3b71f2ec407273c8c64671f9ee7efdb66586a3dea47ee4d37f958f99aca7fda0a57f77fc9aff0082fe47887c2887ed1e39b094fcaab31273c06f635f747c0cd25845a63d8e193edcd2f97e42920e5776582e4a8543c1c00727b9cfc63f0274c8ee7c776e971236143348d18ced1b803c7e35f6d7c2c77f0d69d0c8c77473c7e5bc518208712027a8c67046707a357cc788959b6a11dedfe67442849494afa6bf858f68f86f6d0ea3e318e2d4c48b04b29793cb1dd79001fae2beb9f01e93a759e8905c585c6e6328f3d2293e55232578f5c311ed822be55f87b792d85d5bdedbe9eaec2f37799e61490ab02be59e76ed3f43cf719c57d6de049ef5f4679ef2da0812574315bc24300bb41ce71dff00983ef5f92658e8b8d5eebcb65ebf236a29c67cadf53a03025c69124b6569f689d1e48e30c7210b27de2323047e5c7e15f8b9fb636af69a87ed89e2e58a1ff517e96ebb5836cf2a08e3604e3ae7ad7ecedc6a4da3784f59d4b08bbb4d93c82e76ee99b20631dfa7e38afc10f8ede25bdf14fed13e3d9da460b378fb588add63182db35199060f39f9540c7b57de707e1a188c6ca6ba5369ff00dbd28dbff49fc075a4d2969d8e77e22df7db3e2b08d95596c2cadd3696e3387936fa0cefafa5bf650d13503a858437363e4c6b3bc920c282b0e00038f98f2493db033dabe528ed9e0f887a925d85deb38879008f9309c11c1c1423f3afb07f63fd22db58884fa924d32cac50c409ce54a1ca91df2c7d476f5afa5e3292c2e4918ad9457e5ff0e7818b6d66318b7ae9f81f6c7ecf76d696b6b6e2085e31b55652efc36d3d86d1818f5c924735ed3aeb6cf04dd4e495db09193cf2467a9ebd7ad796fc09d22eb4cd30406d1b11648dc016db80339fa7f2af4ef1e4b0db782ee91640b90420cf0a00e873ef8c7d6bf144dc729a977ba7e47bd415a8d8fc8dff0082bb7882ce0f085e69a58acf73acd9400300034589a5c8c77dd173f51f87cafe2ff14e86961e06f873e14556b3f0d78516e35178ce56eb53b994dedd487d0aa982d4fb59ae2bdc7fe0abbadcfa978d349f0e34f2933eb13cf346a0ec29046111864f2733cbf4edd6be58f0949f6dd5efae77e0a5a2a21c7769157f916afe96f0f70bf57e0ac3f9a72f9bb453fc18b2d94a965b2f372ffd29a5f91ec9f06ac2ca4d683dd36c8b682dec0b0e3df8afb5bf66ed2751b5be8da186411b4251959b6ab207c607665c8e9dc8f5af90fe09e9e2eaee07f90b4d2f95e5f96708b8c00321b3d71ed8afbabf671f0d47a9eb5656cb72b1b4d3471caae84793d33dba0f4f4afcefc44c4be494175d0f2f074e6ebbd766bfe09f59fc3ab392c992db6b33cd285b86dc318eab8238383cfb918c702b2ff6adf88eff000d3e0978f3c72cfbff00b0bc15a9dec51ca576b4896729418c01cb6dc0ee48aed7c0ba3dbdb69916a125cfef49ca232f240ea4fa0af98ffe0af7e357f0dfec47e369e1be861b8d66e6c347b784ab0deb35dc5bc8e39cc292f19fe224702bf29cb70b2c5e6b83c12daa55a6adfdd7257fc1dd9f5d097b24e67e60fecb5abebbf0cfc4de1ff1c785354fb16aba34b0dd6977aaaaed6d72a4f973283c0911f6ba13d1914fb57d4ff0ff00c3772de18b482790b2c16ea9188dbee8259cfb9cb31393ea6be7af811e156bc8edecec24335c6edec6408817cb5663b0b9e7e50081f789e003c67ebaf873a1a5d68bf703e086273fdec9c723ad7ec7c75985ab5d3ebfd7e67ce65dcf88c4c9caf66dbb74d77fc91e9be026db6d1efb968e378807656c64123afa8c0e9f9d799fed30be7784c490c6c7c80cad2bbf084138da3bf5e3a0fd6bbef06de058902a6f1e4a9208c6dc6091cff9e2bcb7f6a3bd965d10e99b490d95460b960c1d9883f9e3fcf1f9664b4e4f3b87a9ece32a7fc2739477b3febe67c3fe2b6483c7d6f3b0f340bac70dc1ec0e3f1eb5f5cfc18d4753bc86c4c3792464e9fe5c73798dfba4643bd339e436e901f5c91debe49f18c37917c4ab18d620123bb017181d1b3d73807d8f7e95f4c7ecd3adc82ded6da742d6f286460ebdc311c107381c74c7d79afda78be9b9e514a6ba2febf239f09194e8c63b7f4bf2b9ef3e0975feddf2e12c1dae82a06519c64e463a57d0df06ee51b57b789a50c10fcca73942bfa631fa57ce7e1568adf57952e93614752acee7af031d0f727838e9ebd7e85f8490b47ae5b89ced69146f60c002187cbf98fe7d2bf9ef3b56ab197a1a61af1c43bad6ff0087fc39ed7e35b9b79b429eeb51f3a28c5bb6e10484638c29e878f98123bfb57e5aff00c178f488e6f80ff0db58b48c89348f897af5a9908c8549f4fd31e319f736d27e46bf54754b795fc36d294662d0b075276ee3b7b7e5d2bf3bbfe0b3ba045aa7ec47ab5c8b78da5d2fe23787ee565947cc8b35b6a10b907b64ac60fb57afe1a633eabe236125fccedff81271fd4fb4aae4f0767fd75fd0f827e325e3d8789f4bf1659c7b44b35b5ea303821b28fbbd47a8af64d0443a76b571099d6405f3b87000c91d7f5fc6bc5fe242b6a3f0c3c3ba82658c9e1eb62e47382a810f4e8410457a7e897d13dd2de17fdd4b02caafd776541c718afe85cce9f3e5f4a3db9e2fe4d58f98cd62a972c9ff0037e6b52b7c74864bbd1a5915d725570b9da02ee1938ae6fe1969eb6ff112eaf2e8b206d136ab293f361c11c0e71919fc6ba4f8af70b7ba39720ba2b2090071d320e4fa77ae7fe1798a0f11dcdc8972268dcba82480c8400a338e383c7bd4611ca3934a3e4ff4ff0023d1c0d384b29c4b8f65f85cf61d09b10492c570d92a571fde04723a702b8bbf8d6cfe38d9428ec82f74dba898e7d14483a1ff006335dc47181a586b64639c328f4c93dfd0735e73e36bb7d3fe30f86af86466e4dbe546721e174c11efb88af032d8ba95aa25d613ff00d2743c4cbeb354152b5cf7ff0087124905c69b179e23578d03104b7ca5b3d4fea3eb5f517c21d44ded8346d095692d88f343f0c43673f87afb7e7f257c32b9922b7b6951f197c72071ce49ff003e82be99f843a99b77b6443b72fb0fcd9e0fe3c8ff000afcb38aa95a57febcc7964e54b1d73e70ff008287da786bc5df103c072784e0d41754f08d85dc1e253799649e49eee5992488e4fc9e44b12e38c346e3a106be0ef175c9b377d34039472a067a019feb5fa57fb5de810c1ad5debbf6252e8a8acddc8c8073ebd4ff009cd7e677c519a3b4f1e6a5a6260ac77f228e3dce0d7ed3e18e3a59865b083d7922bf36dfe2ff0013e9f3c93c4d4a538e9656f5d3fe0199a4e66d4023381b2c24193fef1ff1afa6be1079faa7c26d1b53f3f115a49245b779201dec9f86420c7ae3e95f36f8261479f52bc9edc4cb6da34ce15890a7f7807383d39afa47e0858df1f02a69e55bc9824f377a2f081b6c8391c1e5fbf4cd7d3717b8fd5a3de325f93bfe68f2152bd194df43d8be1eaddcba7877936b40400847ae7d07a56878e3428db4cfb50427cb52226e3a7f9fe5553e1abadfdb18e69d30cc496704e70491d33f4adef148274330901fe5da70781c7e43a1afc5ebd4953cc34ee186a747d97bccf92bc4b205d4e7b598e425dc888befb8d767fb32c91afc524b6ce55ad598ece48c1c039f4cb7e35c5fc49090f89b50416db50dc1014487e53c1cfbe793f8fb5767fb26f9177f18122794a13a4cde5b1404160548539edc75fa57e9799dbfb06acfa7237f81e4c24a529534ff00aff23ee6f877092219d4804c07731e71c0c8fae3f2afaa3f67f708a64c024c0ca3e4fbaa500cfbe33fa57cbbf0da0fb2da058e40df30249ee4a8c8fc3fa57d3ff00da3f272ac4130c9bc93f29f95781fad7f2fe364ff00b4e36ee7a984ba67d31e05318b00bc0f9802c0f150f8e90359b99f9381c93c77a778059a5b13e4aa95c6404e3b557f896b2a5ac8738c27031c668c43b41b3df8df911f8cff00b475bcd71fb6f78ebed116776ad19605b2306de13cfd463f3af70f8271431cb1c4916e4619490300001c647b0fc3f0af24fda4edf67ed93e39915432aeab6c4303cbff00a2459e9fe7f9d7b3fc27925bab7b3b2b36648955da085d380cc00638cf70abf97b57d6677539b23c22ff00a754ff00f4889f9d568ffc29544decdfcf568e9fc7d7305868baac4f731ca519732c2494c61830e464ff000f238c8e38c1af83bf6add55ee5122b75dc17cc6da188c939cff0030306bed9f8d4d61a4f84249535357bc96e275bbb158997ecfb36ed3bcfcae1f71c01caec20f515f037ed4d7b0b49332ca11e351bc8cfcedd400011c0c0c91ed5eb7873856f31526bafe9ff07f431c6479aac20b56dafd4f993c57e14907c3a97c7938dc926bcd611b0e3e74804adfa3afe66bee7fd9fbc39068de16f0af87a185d6eac34ab58e748b00868e2556e4f00e5771f7279af9a7c53e0b59bf644f8550c6079de2ef8a5ad640604ed4fb0da8cfa639fcebec2f84b630beb56f711c2d1c49246279b39009248078c72074f626bf4ee3bcca5572a845bda7557fe00f917e299e9664aa2a14e9bdaffe47d41f0d7c1fa14b6b6974faebc974908865d309f265de5db6bc6db1d658c2aae7255816031b4063e926d67d3741bdd38dbc25fc811ca19416182092a7d738e7d2b85f845f69bcf15584ab6e2d9ccf80e39dc7fbdcf23ae300e38ce2bd83c7da35a68da3de2dbbc486499bcc925404a8439c038cae71db9fd6bf9771d4ead793aab4e5d1fcee450514af05647e597fc159759510ea1a7db92aceaa32cf9c93818fcf8fc2a9fc25d3e0b2d36d6155746b7458548248381b781ebfd0d5bff82ad6b7a0deda7863c236fa7917a7c44ed7976cf8f3e29a4b7f2d480c7a047ea01c60e4a95c3fe1cbc724735eaaa96721d7727dd39edcf1df9afe80c147d8f0360e1df99ffe92bfcc7084b0f092724db6dfe11fc9e87d2bf06618c4087919e5509c9e9cf038c739afa33c2fb12ca26b4b608aa4e4eec90b86e71dfb7e3e9c5790fc13f0ecf0686de250c9e5a6988970d330cb4b346ec00e3fb833ec457d27f0134cd26f748bf7be7ff46b2b555bd9047feaf7ac808c9ef85c7b13d2bf09cd61f5ccc254ef6bdcf6f0184a8a518495b9bf2dcf0efdb2bc4571e0ff00d9b35ff11860e61f0d6bfa9c6a31ba30b6eb146e4f51978881f4afc926dd61f07ed6cc30dd1db33143c646c06bf587fe0af72689f0ff00f60cf175cc92c6350bed134db28171f345f69bf7124648e998e5ce0f6dddebf2975e89a1f85c8023193ecd288c29c81f263aff009e95fb4f85383fabe4b2a8fed5651ffc0609ff00ede71e794254ab53a69ead27e9b2fd2ff33c5af0a345123a646dfef75a9fc31043f6b9e47e0f948bf2f43ce79cfd05457832c167661b0000609e3681573c2d149bdbcb4fbee142e786233c7eb5fd0d51da833aa7eed1b459ea5f0474e7bbd6920e4a36d6ff00598cb7214fb7247e04f6af4efdb0ae16cbc21e1bd0edee926865bbb89d595082e638e24dd9207cb97603bf5f4ae0fe085849ac6a86d9ed24658f0de6c631e51dc002c30783d39e39fcf63f6aad43ed9a9786b4d91dd4dbe84f2884ae047bee1d76fbff00abfc071dabf3ac545d6e27a2dfd9bbb7fdbaec7cb4a71559c5eef67f87f5ff000e64fecf761ff1568be967016129bc630082c33ee7a0e3f1ed5f6a7c310e2c45c5cc328b7ba9846265519dde80f4078e01e7af15f1cfeced1dc0d5a5f226f98140c9b792bce303a1ed5f68fc37b06d47494b0d31a3dc145cc60383d1b95c6090739fc3d8e2be23c41a9fed367e45d2a9ece4e31e8bfe1cf6df81be1cb9d6755b4b2f34793336e2d2b64ac61c2f238c90189c77c7d2beb4d2a78acb448b4582cc470c455edd481b9502918ebcfaff003af9cfc07a16a5e07bc835dba5863696356fb3c770a5a04c9c1279c7dde879e848e457d1f6177a4ea3e1dd3afed9c4a5e228e632c080a8b8182391c8e46785f6afcdb2e518d0ad7569bb5efd9edf9ebf89d7874faee54f89b709078274dd54dd79b143aa7962d84ecab7080ab15c0c1dbc119ebc9afc0ed12dafb52f1b3f8c35fb492d8ea2f75ae849108f92e6e25963719fe12ae181f4c57ee1fed6fe2393c37f08750bf85bca3a7e83a85f4585f990c5116538ff006b20f4e6bf2fbfe0abde18f0a7eccdfb57c7f02ed964377e12f835e08d0ee53ca553e741e1fb4572c178cb7cacdeec6bf49e06c3579cb1b282e94a3e7b4eff00835f71d0e8d4ad0728f4b7dfaebf81f2ff008064bcd6f5cb8d55e2f3239af24918b9e325c9dbc8c0eb9fc6bedafd8845bc970ba44f2b23cf72ec9317de369db95c83c63f2e7d6be36f845a4de4fa6a416e3ce8e55ccaa132109e3f03dff2f7afb73f624f0ec76bf62bc85e53756da99dd16c25590146c640ee46383e95dfe2055a5f54941ed74b43e6ab7b5599de6b5d9799f787c3bb6d32dae2ed22b8132ca88aaf961e5b0299c73ce7047391f313d81ad1f8d370b69e0b9e40a5498c8193b88f5a8fe18d9410d93d9247f669238fcdb691c16794b29263e4900e3241f51d6b1bf697d5d34df878c049e5b476c5c955e4614f5ee71c57e3f9b732c038bb2be9a79bdbbf53dd7354f0cdbe88fc58ff008293f881effe2d591966c9b6d3a52a3de4931c0fa45db8af07f87681ec2e646da1e4be882b17e4aa23ee1b71eaebce6bbffdbbf5d7bff8e975a792316561029db9182fba7efed28ae2be1b59aae9d6cf2b920dccd3365783bb6281ff008e1fcebfabb87e82c1f08e1e1fdd5f8fbc6b0a7ec725e67d97def53e84f8256841b69de268409063631c33003e6feb5f7c7ecbb6124da869f35d18e358e10d2e000570b824e3a93ebf9e79af8abe06f87e2b978da1932b188432c71e46d2bcb64f030db463be78e95f7b7eccb676f6bf64b9112e30cb1911f3918393cf1c72300e4f51e9f82f8838853aaa3e679997466eb596cbfa7f23ea2f0fada69fa5417822591238395638ce79c718207bf15f9f3ff05caf1a58a7c2ef017c34b68a347d57c6336a6595c9fdd5a5a98ca0e718df7887d78ce4e2bf41f5432e9ba38790c998edc2ae3191b540e838e87a7d7d6bf28ffe0b13e27b8f107ed3fe0df03a193c9d2bc2ad72141dd86b9b9915885ff76d97ebf85781c1343eb1c6f858cb6a6a737f283b7fe4ce27d0e366e1859db7b1c27c0bf0edbb416e098f79543b02e490c7b7f0fa771dbd0e3eb2f877a3e3415f294b0e0102324a9e783822bc13e086850c51406c1a5f2dd62561348189c2f24e001d73c60e07192464fd5fe09d14c3a0c312c106e55c4877672df975aefe37cc39b10d5fa9e66531a8db934aeb4390f0d5f340c23dc1c2c7cab119c0c71cd799fed0f25dc17312add32cc0ef8da3908c36f62186d3f4f7e2bd9fc13a3c7adc4648a16672842f97819c633f4e3f5af29fdabb4f4d06782c6e2dfcb78e267666c8ce7040cf4c7ffaf15e5e4934f378ae53b7170ff65d1ee7c37e38786dbe20da4d1c21633a82b322aeddbc8c8048e3e95eedf025becfab0d2a79d57cd24a120e0ee51c7b7407bd785f8df57b4b8f17d844b3c7216d513ef742ecc01fae7fa57b2fc29bc820d7d2fa62c55ee3cbd8bc9185183e9d09f4ef5fb867f094f2a8c5afb2ce5c3d3b45732d158fa4bc3262d3af6dde39431f2d0aaed054b679041ce7f223ad7d2ff05c2de5f69b13bacaec62dfce42f00e38cf2063fc8af9d74db9b38a58b50b701b0641e4491a9006061f3df9c8afa4bf6772891c2c593782a046cc30087c13fa8afe71cfd73a837dcf470b47fdab94fa1757b40747740aaaa5b6a95fa1e78af823fe0ab5e1b3aafec75f11b4c6523ec16ba76a85473836fa8c31f23d96e18f1db35fa01aab19ac1a4c952ebf2e71838239af91bfe0a17e1c975efd9abe2c6896ec166b8f02dfb88f683b96296dee4839e9c444f1e9ef5c5c3f5a382e35c1574f6a90ff00d2933eeabc20b0ae5d933f2165967bef80da2ce0236c4b9b618241c2cce7f932fe55df782e45b9f08e8d72c54f9fa5404364039f2d467f31fad707e11d975f036e2d1edc3fd975b9550647468e261efeb5d8fc31d45ef7e1e68f0c76aa4a412465cf5f965914007f0afeb1cce2fd8cedd2acbf1bb3e331f4955a57bf45f3fe91a5f1164dde18919883f321dabdfe615cf7c1fd46193521f689d5b36b20c9c1cc985208039efdfb31ad9f1ec929f09c90420b4af226cc000f503b71dfe95c2fc118356b5f882d1eedd6f2e9ecae0720386e0e7b1e71ff0001ae7c2518cf28ab77b5dfe077e594d4b24ad6ecd3fb8fa2b4797ed56cd1db173b620aaaef92a40038e06470481d86393d4f9b7c70927d3b5ff0eea8e81443ad5bc87240da44ca0e47d33f9d7a0f87983473d9b4dfbc8c6d52a70c180c9cfaf1e87835e6ff00b4e9583c2c92c6712c123349c601e847ebfd2be7b268df378c3be9f7a3e732f9a4da4f4d7fe18f6af0b49f63bb87ca45c488490a72010f8efd78c76fe95f457c36d5e0b09231e5c8705482b8c0e73c71c7e55f357877524ba8deea29550fdabf72d9fbca70e071d00dddfd47a57bdfc3dd4164b6442c199791d89e99e7fce3f1afce389e8f353f7915462e862da4f7dbfc8b9fb55e8d1ea1a25ddc2360c962cca4903715c1e33df35f96bf1e2c523f8c1a9a0190ce241951ce6353fd6bf577e36f93ad78511a28f796b765c77e4631cfa57e5d7ed23a5fd9fe325ccd03e564d322955fb93ca9faf4ed5f69e0e621c7da537d22ff0035fe47d4e6328fd5d4bcff0035ff0000c8f83fa3c5aa683e359de4ff008f4f0b175c0f5be814e7d383f8f35ec3fb3bf899351b1d434a5ba688d8ea2b0146002baf92836b63a83b473ed5f42ffc12bbf668b6f8c1ff00048efdb8fc5d3681a7cb7ba6691e159f49d527b38cdc43f62bcbbbdba8d25620c68d1220603009c1390b8af96bf6730cb7fe2c825f2d5535189c90d9fe161ce3b74afd2f8870f56786c44eac6caf170f35ee45bfbeeadf3ea70547eca8f2c75e75f933e8ff0003b1b1b792dccacbe6480283d71ce7b718cfad743addf41278565d2a64883212aa562018e49cee2393d4019f4ae4fc1f731472449732072235dac471d3a7ff005aba1d7a39d6d250117f791820648c9207afd47b57e358a87fb5abf74ce2955a70768f63e5ef8bf2b47e239649d635339573b472081b7bfd2bb9fd91f55d0d3e20d9e9373e1e8bed7e54d3c5adacd868e3014490b215c32b7ca41cf057a7cc6b88f8de1078a76ae177c40fddfe2079efeb5d2fecb7a9dfc1f1a34eb6b3ba31c42c243244a30ad82ad96f5fbb5fa3e3e0aaf0ccbfc0deed6cbcbf2d9f5387095630c4c9b77ba6beff00f83ff00fbdbc01fbb8e3c34656566391cf23182476fc7b57d43f006fa0bd87ed70796c92c0ce8d190140600f000c735f2c7c39963bc5b7882aa9c607185ea7f3c7f857d47f02560b6816d228962f2eddb951c600c0fa718fd2bf97b1cf93318f7d4f7f030515248fa4bc0651748844449076e71d8ede94cf8932b369b267ef600e7d33cd33e1fba9d1e06dcaa7031cf6db4be3f7824b173302c0a0ca8ebf514626decd9ec27ee23f22ff00698b317bfb63f8eeea7830175280c86340ab9fb2c44a800000638c0af59f863041a7c5a7269b7121674c4a92c614249bd8008771dc366d393b4e4b0c7ca09f3bfda06082f7f6aef1c5cac71ed93558256453f2a7fa2c5851cfa63df8af44f86a6e06930cd713207b7950a82bc7dd00003b9eff00ad7d166d579b28c32ffa774fff004847e6f523ff000ad36d5f57ff00a5332bf6819becfa4dc891ca9906edca4b7dee73fa74af80bf698d5216bf9ac63762de6f9724b9cee238e33db0338afb9bf68dd5d96c9ede6907cec32464e7a735f02fed03a82dd6bf98b6e4ce0104f3d7927f1c77cd7def86143de52b19ce319e630e57d751df0ff5d5f1b699f0afc0f6f22795a1fc44f11dec69b70510c36570848ff7d4fd0e7d2bed3f855a6585e6b29731b6c9048cf14263392839ce7001fc31d0e457c3dfb1c69d16a5f1a2fa79580834cd2ee6750c7ee4b2f951647ea7df18afbefe0ec1bd2caf7e52f140ca5a41bb033c0c71c7539f5cf5c0af43c499c70d51518bd145bf9ce529bfcd1eae6ed3a9af93b7e07d0ff0534cdfaf433be94f208a68b32c7388844c640727703bf2aacbb783923ae30dea1e36856d34bd46eed6d25904564d23a5d48acc72143e318cfcee703ae3a83835c4fc1e876e877126f5dcbab69ca4ed2dcecbc3bb8e3aa8c0ef9e87923b4f8af70d69a16a61a6f96d95996452b9465438233db2791fcf18afc0e518ca836f76d7ebfe4187872c15faebf89f905fb7dea2973f1dfc2ba614591e5d69644c8ff56d1c8ae485ef8d8cbcf1873e82bbaf864900d3cc313ed6691319e0127afd2bca3f6aed5e6f14fed79a0c1104db6b25c2a36eebb62727e9cb9e7be2bd97e184666863b74b71333dc018c76e87f1afe81c743eadc2f82a6ffe7ddfef93ff00238b0725568a6faa7f7b935fa1f657c17f165ae97676b6d6fa5daf94ba35bdbdd23a092379961313391c004aee2bb73c91cd7bef826ca6d23e172fd84323ebde2b862b658c851345121f9867aa176c67a6548ed5f317c2c56897ecc07cae01d806368538e0febf857d41e24bbff844fe18f82d65be8d5ad3c3d717cc4e7e4f36591d148f50ae8323d7f3fe7bc7e989a8ef6b2fcda4ff000b9f7994623db734e7f6569e5aa5f91f0fff00c178bc68bff0a6a1d084f86d63c45a324a15b3f308a6b92b83c281c8c0e3e515f9f7ae132f846dad581036360638e7afe60ff3afa9bfe0b4fe20945bf813c1b3b442493589a660992c4dbdac111ce7247cd2be7dce2be52f155e88bc2f6ac3ef2c396e9e983d2bfa47c3ac34e9708e125d673a92fc797ff6d3e4b886bbaf99ae57bbfd51e4bac3a1be9766083919c62ad78552572d3c73a2ec605433004f2abc67a9e73f404d50d5e4df74db1b04138c0ebcf7ad3f0d43b218ca8da096666e83d3fa57ec9534c39bd5bfb1bb3dabf67ad1ef2e3c426e6dd6264da3e7b851e597c92073f789da401839e9839a8bf69c77ff0085af71a736d8cd86976508884bbb01e112e323393fbce9d7f1ad6fd9f349d4354b944375e5a7ca4057dacc4670464839e38c74e2b9df8f37771af7c70f155d04576875478480c48db0aac00f279e101f6f615f01465ed38966dbd2307f7de3fa5cf9bb46536df4fd6ff91d5fecd5612497b2de46c631e761b2bc7038cfb0cd7d7df07cfd9a437b25c448f6b6e5a364774663c200a5470c3717c361488c8392403f2bfece9145696325f4e486b83208e311f00af079efc0cfe23d2beadf853662d74257bf659236de162ced62c0020718f620f3f77a57e6fc735b9b1537f2febb9a50928b76e97febf13dd3c13a9ea9a9de44baaea52ca40037cea4e377738ea79ebef5f4ce937d2dc787f4961698961b4ce57232036070791ffd7af9c7e0fadb4badbdd69ba548b12912ac723f9b2411871b4160143119009da339ce0741f4bea5ad6a7acc9603515de969a7c690c2080634049db93e95f9e65a9bc3569395db697e3dcf428c927a33cc7f6a3d35bc71e189bc330d85edcfdab4f6d36786d00fb44d25e4df658e34041cbe658c0041cd7e667fc1c93e368f53ff0082cf7c54d3bc197f69359c70e8767a8f9765b1a39a2d1ece3922dc4fce570064018e9fc393fb3bfb3b7863c39f12fe32e9d63aee8d3de5bdaeb9a7dfc10060cc2682f209e225b8c8408cc78e446dc722bf9f7ff829c7c4db0f8e5ff051af8bdf13f4df31acf54f8a7afa59995b2ed0457b241131f4f9214c0ec0e3b57ee9e1750a747035eb49a93ab24fff00004e2bf3f5bab9ed60e4a9e0a4ded276fb93287c1613ec9223232c5f67dee8bea0a85dbee4f3f87b57e81fec81a4cda568f65a8c492992e65524487710480c40247b8fcabe1af813a12a6b8679e156b50a8aea5b05b730c003839ce3bf15fa61f05ec34cb5d23c31a6d8595edb795a5a0bbb6d41c33c772ac44a8a473b42f96416258ae0e7e6dabf29e21d55565c9176d53fcb43e2e8dabd5755ee9bf9bfeaff0033e90f0ddb2c169ba5b8772f042d1c863e0060463238e0122bce7f6d0d5e3b7f025dc22451bed42ee65ddb541c7d7f9719cf5af45f09ea125ddb224912a8689632a8002c03601e00ff0039af11fdbc7c40d6be0eba99ee377970b6f39cfcb820ff00215f9ae6556388a9469c3ed4a3f9dcf4719251c04dbea8fc44fdad359835ff00da47c5f7105d1b88e2d5cdb473150b910c6b0e3009c60c64633c629ff0ae29adcdb4b6770d13c3b1a3911b6956e5c107b104e739e315c66bf7f3f897c67a8eae662f26a1a9cf2ab48d967324acdcfbf35ea1f0a0bd85c43710db2b852db95c1019718c1c10482323b706bfaf7191582c9e9d04be18a56f4491e8e6dece1828c13b6df81f4a7ecfba3b9916110b85523cf87ca65cb2b6d008ed8c91f9f7afb97f677d2bc996dde5914246df316270bf3639f4e9fad7c73f0160413c5e6c7146472194e7248181f98fd4fe1f717eccfa495b65f3a20ef24836ee5003055e31ee09271debf9678eaacaae2b96fd4f272883735247b978ded6ff004ed0d6ef5368e213174f29b2199d1b063000241c11d78c77e99fc7bfdb77c4aff11ff6f7f16482333da786e1b5d2ad57d4416eaf2f38c1c4b2cc4f1d3e95fae9e34b3922b486d6fef5a18edd3cc4258850c7ab77e30ad9031d3db15f8bfe0dd497e28fc69f13fc446579135af11deea11c8f83f2cb3b95c1ee769538e78aedf0ea2a19a63b18d5953a4a1af79c93ff00db19ece633b41c568daf5ec7d0ff0004ec5ef12cee3cb8910b28c2ed52a739e8003d31d057d2fe1349ad6c3c996d219070544a1be5073c7ca4578cfc10d0601205b98d23c286442a727904723dbd38c7e9ee5a5dccb691b23cf12f6e703a67d6be5789f15ed718d445945074a9ddbd743cb7c09fb1d7fc174fc0304b0f87be1deb9a3c062569259f4ed182f0bd4b4cfb41e7279ebc718af2cf8b3fb30fc6bf14789b58d7bfe0a05fb707873c16965001f624f16f87eef57d4e6393e5416915fc61555570cec4609450ac738f2bf00fc18f035d693069efe16b19764e648a5fece5de4b2e0a17eac9950429c8041231b9b757f1efc2cf0878774d9751b5b1fb3ada43b6dd3ece365cc876008a011b48f9db3c8c0ce0640afda28e2b0d0c52a34da56dad4a2ade9772b37e9dced9e37055173cf9a49779e8fd6d15ff00a51e71f11acff644f0478b12d3e0c3eb3afdd23456f0eabac399e632676bca5552282dc127a235d9c01b594fcc3abf86b7be4f88059aae43cc240c38c11c107f0f4af1fd6346fb278aec6fa48e606e6fd48c0eb971cf3d79cfe55e9de0e76b4f105b4b6cc4167da0b7b63927fce707f1fa8cd68c5e112e7949b8bd64eff2e9657b9cd8ac6cabd34a10518ab68bccfad34e965b7b8b1d462b668e2586248f7cab2ab6d00b75032324fca41c0c0e715f44fecfd732cd776d2128cae240123246063764672783ef5f27f87efbfe2571c935d3178f6911907072393edd2be8cf817adcba7bdac493b379774483dd91d4f3cfd6bf9d788e83a74949f47f90a9d68c31f6f347d75fda715cc49657128b53f647963bdbbf96de52b193e58900203b6cc286c658819e6bc43e3c787e5f17e9de21f0f5de98c1752f086bf147e7c45564ce8f758da48f986e50323bd7b0e957e9a96836ce51403064ae72371206481f88af31d7349b78be29e87a6340b143a9eaf6b657211303cb9dcdbb93ff0000988e7b57c8d2ad0599d09a5aa9269fddd3efea7decaa27412f43f0e7e170dbf0dbc47a75c2366dee2d26e98da4ac8873f8a815d0fc20727e1e59b42a19a3d46ea39537eddbf307cfa7f18ac4f0945fd89ad78a7c3973903ecd22052739315c75fd6b63e09cb6e7c27a969db59a4875a766427ee87863c1c7fc04f15fd95987bf4ab4d6ce5097df1b7e6cf8caf6ab828d9daebeef7ae6d78ca455d1619254c96ba40543e4edddfa7435cb7c19b209e2a7bbb5b87c3f99fbb18011b1d077ef9ff8156e78eee224d202188ec4ba53912e738e791db8c5657c23b803c5568110aee89f014f538071d2b96829472aab6eb73d8c99c6a64959793fc8f72f0db24d705de344fdde0a804807fcff009f5e0bf693b5fb4f85e6479b7ece477c8c6de7b0e807d00aedfc1de43ea0f717eb24c595c6e8a50087287693904637633df19c60d731fb40c0e344bff315b0c83813063c03c9e38e474ef81cf22be5b2d7ecf38a76ee8f91c1a5385f6f79fe4ce83e19eb0fa8f84b49bc542c977a3da3b305fbaed02753eb95238fcf8afa0fe19ea3208104888c0a602861c11d7fcfb57cb5f026ea3bef873e1db9d88ca2c5e0903cbb4868e5923f5ce300fb7e95f437c2ebf8c0b7018b6631c93c71db35f37c5985519d482e926bee6d7e86f8aa9fed8dff005aea7a8f8e2e641e077b771bda28c162029ea010739f7afcf6fda63c033dc6bd7fe2582e60892cf4e48dd1ce0c844cd80074e413f957df5ad1b79b45bbb633349112c83f7bce42292a3232393c1239fcebe1cfdb0f4a63a23dddbbbaa0bb8f72e7230c58807039e7f9d1e1a4e54332708bb7335f89f47174ea6122ea6ab4fc9afd4fa73fe08f5a478bf52ff82497ede5168b1df0865f0f784bcb780100f9777a83cc8483c8f288dc3bab60f1c57c79fb3dc6efadf8a51ac559e5bd62238c67a30f940c7a9c62bf503fe0de99747beff82377ed95a1b43234f16937325c10a7051b48b809c93ce0c6c4f4afcbef8246de1f196b582d1adc5e5ca203dbe5c86fc319fc2bf5ccd39e51c449bf8a29dbb72d59c74f5e5bfab6675a09724bfbbfe7f95cf72f03ccf15fc4e1a35cc590e57818e39f7c9f7aea757d46492c61918ee5552a8a49f97d71cd733e107b6792d36c7f2027734839c9047f3aeaeea22f13f9619e41130431be30a473c8ed826bf2ac6f2fd65368f16bc62b45b48f9eff00684b44fed0b1bdb7b70558cbe695072bcae01f6ebcfb8a93f65ebb923f8d76ec9bd449a6c81c6e272be9c75c93f4ab1fb44e93245e1e835d834f99a387518a16b85cecdce929d8c7fbc766473d14fe197fb2e4904ff1c6246808cda381b7d9474afbd56a9c2d53ca12febf139e318fb67a6bfd23f40be1ca958a3915c01cf5ea32076f4afaa3e034c5e5747e156dc8e3a1e3b7e35f2efc34b676b6b595d32ae311b763c60f27ad7d45f02fcb196da4eeb7fde12fd06319fccd7f2e667ae6705e67bf97297336ff00ad0fa3bc03113691288571c67b019028f894a069ec9c03b4038e9df14ff876aa74ef31b27646bb463a8d8306a5f88b14dfd99e6b467779793d3039a789a57a2d9edc57b87e4f7c6e0f0fed41e31b588ab4126b711d85700e2da119e7071802bd37c3734d63a540ff00695c960f1983e528d8008cf7e9d6bcf7e38476e9fb4df8a2e0ee60fa9a2498009561147ce38039fe42bb1d30fd9e210a8188224705fe5c8dbc9c1efdb1fcebd8cc17b4c06192e9087fe9291f9ccbdecc2aaf37f99e6bfb486a8b3caec876281844ce48f61f5e9f8d7c21f15678eefc5c914615c8959cf39fe13fe715f67fed0b766699c13bb61c83bba60f19f4f4f5e6be24f88da835ef8feef5044cbac724926d6c80c580cf418e4f3ea735fb1787143d9e1b4ec4e060a79a424bbffc3fe48f45fd8574ab686f3c5daccd044df6b4b6b0b767192ac0991883d548ca73d3a83c1afba3e13daca9a34568228dd9664945d618c8136e3cbeb82bc6ee99e3ad7c73fb13e9b1a782269275d8b7dad4d3c4f823255110671d47cadf9d7db3f09a41f63b7b5568d3e47f29a3970181603ee93f231db9e3190471ebf2be2562653ccab3ecd2fb925fa1d78b9467889737a7dda1ef7f0d6ca4b692d2d0cceb05cc91eedb266372a5be6241c12a598023a64fbd5ff8ef7b6e9e0cd52e44abbc897186ce571fe23f5ab1e1bd226d334ad1e6d522cc8657de229772e43727818e483d38e41cd737f1dee920f09df4972e61db13c923961cf39f4c0c57e232e78568d292de517f7d9afcf42aaff09fa1f919f115a4d67f6cdb758dd5da282e49e80152c138fd79afa33e145818354b6f2f2c096c89546064fb1fcabe7ed77c3da968bfb706b8badca279edf40d335129130fdd2dfda457c919c70196399430e30c186335f467c2bb2692fe3b9b594c7e521c81c1033d7f5fd0d7f49f15bf6380c3d2ed461f8a6ff534a38596028460d5e492bfe76fc4fa63c05b6ee0f3a584c7f2aac811ced036e4100e79e7f5fc2be8df8d3750269b26976b6d65e5dbf866d6c6d964c9643f6745dd82dc36f38c0e84138e0d7ce3e00d30c0f15a23379336cf998f19054163fe7a57abfc5cd449d5ada65d4dee65b4459e49150603654fd18119c1c63918cae2bf9e31734aa492ead7cb73ddc1d774f0d36d6f6fd7fe1cfcbdff0082bb78a57c43fb45f85b4df30bf93a45cdf485b2b879e760dc1e07cd09af09f1bac43c376ffbb0a562183d3258e0fd7ffaf5de7fc146bc416be21fdb2ee6c11587f66681676a171fc5979b240f6987f9e6bcdbc7f34634a8232f958d57f8f8cfbf35fd6bc2986961f8732da6ff00914bff00026e5fa9f338b9a9636134b7fcdbfe99e69aaaff00a493230c83c8f6cd6e785da21144382021651827b9238ae7b5228b72c483ce4eddd5d3f83ede2fb65a89a390c4b1212b9ce723247d39afd0315a618f46a4e70a3a7547d31f03be1b7897c19e2db2d23c436b896fb49b0be8fc8b8e563bcb682f2dc90572730cf112b81c9e0f19af16d625935cf1a6a5a930497edfa9cf2f4e5bcc9988e3bf5af75f811791e8ba6af89c5e4825d3eca59b27fe5b08e2214e7a80aa0051db18ed5f3e68b0a0dbc0d9b3f8883d319cd7e7f95ce55732c554974515ff00a55ff247cac9461394acecdded7be9d3ee3e82fd9ead0be8d6cd14219892f1141f36e663fa63b57d3fe00812ceca2ba992407fe593ba7cb9c00ddf8ebfa1af9ebf67ab09f4cd374a686ede2dd0acbb954b3292849381d70377d3ad7d1de09b9818067b996f77619c4ec54970e376cc37f74725bfbc703806bf28e30a8ea62e76daeff33a61cb086aacdff5ff0000f7df80d2695712b5f5eac70c65d523f2616224e003c0cf27a9edd6bdfb4796d7fb4a6fb30fdd186553cf440a4b373d3d78e95f3ffc21b5b606d6ceeee644b733168951188dfbb0067fae7b0cd7b969bf6ab0d16f6e2102465b475914f60c08241fcebe1b055651a7b2b277f3efa9df455a1ccf729fecf3f1e8fc2efdaabc1daeebfacc1a6e8cb2eab26acf7570b1c462b7d17539f0ccd803e6453927391ef5fcee8d7753f1bf888f8c3c477714da86b3a9dd6a17b346460cd737124ae7fefb63edc57eb8ff00c14a7c6971f01ff6755f887aa69305dbeafa7f8a2c20b5bd0b22fef74892c9655520f31b5fac99ecdb303a9afc77f04aab58e9b6a63242da46ebce3ae4ff005afdebc29c3e2697094a559bbb9b6935b29453d3d55b43b655e54f0128a56b36d7cd76f23e92f811a53df6af616b8b9910482499d08e0a0e08c9c1ea38ff001afd36f83fa469b0d968fadadb2341e6bed3ff002d1d99119c498eadb768cf3d383c57e7c7ecc7e1c85ee0dd2c0e73a73cd1a9c968c924a800f0df2a8638ce72a3ae457e87fc28d13cef0ce95709288d4cfe5b44dc2e42928401904b7ef0f5e86be038df14e78f6a2afcaaff00f93267cae5fa39773e80f08c623b3d96d0ee8da357599971c038c01df041fcb35f27ff00c14c7c6369e17f859ad5f957ff0043b19a6fdcff001052bc91dc28dc4fe1e95f5c6992896ca368200db6ce28caae70855141200e996c93eec7d735f9fbff000592f16c1a07c1dd52f99ff7a6030456c1f02e0cb2243b3a72087c918e80d7cae1297d7b8970186df9aa2fcf63dac541d4a31a71de4e2bef691f923e058e27d5964b88f22d626970470595491fad7af7c23854dc5a5b386dbbc363248e9c9c738e9f90f6acad6be05f8e2dbe08f87ff6a81e1fb6b7f0b78cb5bd4f42d3dedddb305fd825ab4d1c8194001a3ba464652c1b6c838284575bf0874ff2f50b564889daa097038c1c8ce3fc6bfa9b3dc4c67869497a357d9add7de3cfea4e9578c7a7e9ff0004faa7e066896f14d646de485fcc1bfce8fee91bb6e0f1c63a1c0fe1e339c9fb9fe0eda41652c1e5c891468370543c039231d6be3cf81ba6dd496b6571222959252aa1f21fa866dc324fdee87807df9afaf3e1b4a63bd4822725471f3a0e9db232703a8f5e2bf9378bb11cf98abeb67fa8f2c8aa51f276ff003fd477ed73e3a6f03fc0cf1bf8caeae5233a1f856f65b53265584ad6edb06e3cb12f8c761b86319afcb4fd95b4a29676eb249105ced12c885c21da31c0f538fd2bef3ff82acf888f87ff0062cf123c62433f89356b2d2a0f521ae12693ebfbb8251f8d7c81fb37787e55b487508b4f84c22d96230bb6f2491feb1467764100e7a0c00460e2beaf8322e870ae33153d1d5ab65e6a1156ff00d2da5d341e6b39fd6e105dbf0d4fa8fe0a68a6fefdeeef67b6885bdb3cbbe66c097cb4c8451ce5db1851c649038e2bd174b9a2b4b1863be901b8f297cf93cb1876c0048c907ae7f3ae43e1be9b0c5a64691dab619393ea76fcc4726ba0d5759b1f0c4104ba8ea2d6ef73bb10b48a080029cf2c323e71c8f7afceb319bc4e29c62b53dec3fee28476f33e68f841a3894d82daa0702220b36d55246e1c13c01d3afe758bf17b4dd424d365fb13cb1abc7bae4a9de36723a1e075039e326bb1f846f6361750dbde7cf1c61d146d254860c39c1ce416245677c61d10368a05a4f6fe6ddb791b656da6303661d8901550e7824ff03671819fd228621acebfaee7851a2a583705ff0004f8d3c716434ef11412c322c860be817cd0461412a554918e467191d083d40aedbc3b3ac77d0bf9c80171b1981e31cee3d48c60f4e6b8ef8996f7769adb4081242978838dac1984a31820e0af1c1e95d3f87027daa391a46da921fddb8db8ef9fa678efd6bf60c57bf81836fa3fd0d6092492d5755f33e97f0a3dd3787bccf3fcd0c9133c83903682ab9c8cff00111f8fe35ee1f0a2e6e134e8b51b491879134649fe1ce31d0e39e83f2af09f0099ec7c3d650dcc120fb4c0258c92390e8ac3a1c8e08233eb5eb9f0cf51687ecf64b6ff00b850c9e71218c9823f8863774c818e38ebd6bf05e22a5cd4e6977febf22b14952c42977b7dff00d33ecff86b3c777e1db768d199036d4c9209180738c9c1391c6783eb5ce7c56fb7f877c41a278b25b6222b2d4a0b90eae0ff00aab847e46491c277033ee2b57e08cc25f0c8c15c79a9e5b91c630474ed55fe38785bc51e32b75f0c782b46b9d4753ba89e3b2b1b4505e57dbbb03271c0dcc49c000135f9b3bbab4dc56b7565f3b1f7b845cd838bdf63f107e39f855be1e7ed5de3cf00ef5ce9fe28d52cc1e4e4095c81fcbf2acaf83c11ee7c4f1c912ee49ad668d0374dde729faf415dcffc140a3934ff00dbbfc71ac476f227f697890df059130424f1860083820f27a8f6ae0be138593c53e21b2806ddfa5a4e479800531cca33cf1d5ff5afecda33f6f90d3abfcd4e9bfc62d9f395a8f2539425a28b92ff002fc8d0f8807769113f98066e18ed6e7a464939fc7d6b3be0ecc53c5d62d22860370db90319507a1e9cd5ef88d1936d0298d9583b1e3078d871deb3fe15c3bfc656d6ec0a0de7e6ce09e84d5c2dfd953f47fa9ea64d4e34f27a897f7bef3e80f0c5ac11b4a62919e69b02231f4cf3ce3d81602b96f8cb6a65d12ec105985a92c08feef39e3f5ae97c377d00d5d619565581af99e3030cea99381ce3271c64e2b33e3a43a608efadf44b899ad13ce16e6e620aed86cae4024062073d8127a8af87c1b943348dfad8f85c354718b9c1fc2de9e7bff5ea715fb3bddcb2fc2bb50d3babdaeb3750ed4048c163293eb90256fcebe8df85b2a9b48a441f379d83838f7e7fcf6af97bf66dd4da0f0e6b961029ff0044f120909e47cb2c28303d07eebf5afa37e146a0049bd95a504ee2bbb81d4ae7f3353c6141aaf5bd6ff7ebfa9d98e9a862e2df55fa1ea9aac8d7097d269f0ac6248b310652541e71927afe3dabe3efdadac278fc2f302065f6670a7870e3fa835f5adedcdcabc37915a334170922672532d8ddc9c1cf55c8f435f317ed7fa74c7c29a9ed0c3c8983155ec370e79e83fc2bc2e0797b2ce29aeee3f9d8f7f0f38cf2c74d2ea9fe3ff04fd1aff8368fe1cf8535bff825a7ed610aea779f6ed72dae6c750449142450268b3b44c80f018b4d36e2782157d2bf267e0ecd1daf8e2e76a0fde6b33c652420f0e8533c75ebd6bf593fe0d6b79f53ff008278fed5da1bcb1463ca20384064569347bb04920f2bc0c0f50dcfa7e447c31b8ddad35e4d26049ae3194f1d095ed9f7e95fb36671e7a124fac1ff00e9dabfe474569271a76eba7e9f99ee7e05ba9a6bf8e382ea44f2199598b1ce371208f718f5f7aeea6b88a2b32ce149503782e55597b80463d08fc7e95e75e0fb89e3d49ed030d9ba46640403bb23a9ee300633d39c7535ddc571b937dc2bb07e401dc0c7b9e3b7bd7e579942d884cf23170a7ec976d8f21f8f291c1e04b8d3ed6f5f0fa84334b6a19829642c15c81c6712301dc027d4d739fb23178be39db2301b4c13af2b92a36751dbb1fad753fb4218ae348be11aaaf97164e382dd0e3bf3c66b85fd93ae967f8dd6583fc1303d89c0cfe3d2becb089d4e14c45ff965f91c18795271e6beb156fc4fd1df87ff003448904cef1ae4a724004f52074193e95f4b7c150c213703a0830493db8ea3eb5f30f822e825bc45a2c8f3028c9fe1fe55f4c7c11bb9feccca58ba2c676a01cede33d3e95fcbd9a41cb1d1f53e8705cb1934bb1f4f780ee5e2d0a0918921fcb049ed90063e95a7f1359e3d126465eb11c0cf38e6aa7801165d1adf2b80db3098c9c62aff00c475234c981c15fb2bf0c3b60d7a18983546513df8413a699f957f1160bbbafda1bc642d95122975363c2ee21443113ee0607e3ebc1aea2ff4dbbd36dce9f790ec9e022160581f9bb8c8273d2b9cf883141ff0ba3c5bbe19c3b6aed1a88981503cb19e08ec76f7e403df15a5ab6a3a8dfd94d7d7f3099a50eedb0ed039e3031c018e063180056d597b4c3d05fdd87fe928fcce5c91c555d6ef99fe6f4fc51e0df1eb5a2a9a87956d15c34eae84c80eddb8e5800792b827d39e738af8b35978ae3c4ba9de3306f2e0d8f96cfde6cffeca6beb8f8e3369f3681a95ddc6a6915d432431d9db6ddc662cf87e7b0099c91df68c7391f216a572d3dd6bd7c10b65c46acbd0ed0d9f4eb9cf3d335fbef0250f6581935e5f9a42c96129662e52d9276f2dff0053eaafd957434d37e197877cb8c02f6826e13049919a4cf3fefe3f0afaf3e0ec96904b0b3db46d310123555da54e38ea0e06483f857cff00f06346b3d2746d2b48b5d3ae5cdb58430183ed0a0bb6064e0afa0236f5c91cf63f437c3cb27d36e229eda48e46f3937ab291e511fc0d9eff00a74afc738d314b1588ab2fe6727f7b35c4da388735d5bff8747d0fe19b6b4b9d234db48891e5492246aeb83b5413cf38e71dfd6b8af8e674f5d12ee7f1147e558c05fedab348136aac6eecb93df6237d36f7e87acf0285b458359ba2599e69196293791b42637e48c6dddb86739c8e95e21fb6b78d63f097c2f93c77e2586f752d2b4ad52cef351d334f73f68beb75bb80ddc313938467803a1278c10a7ef57c165b8759866d86a4f494e715a76b4523ba97b1535edbe1babfa5f53e19fd907f649f8e5fb515f7c7efda9bc0fe12bcbad13c0124675bbc8610fbc4613cd48b2c3cc923883cee33911a9382c555bd7fe0869b35d08ef6e144a460380a7201c64e3f33c73f954fff00045efdb17e3dfecedf06bc6f0fc0af873e18f8830f883c69757be2ff00015dde38d4f473203135ec36eacb25fd94b6a9e53edde2368499020742f37809fc45f0ff00c4d2a58e8f36a11c4c8205b6b5036a05e8f19248601483ce0920f7afdeb8d6a55facd5c3d92e44a31d52ba8c631f55df5dd6aae8fa0cde951a8e35e3ab9b6ddba3bff5f76b667d2df0b46a7ad4a20d334d93799176aad9e5b1c9e49048e0f6f507d2ba4f16f873c4faada4f2bd94825b88e421c2e7122ab6d880ce7e62154633f7bd8d731f0f7f69bf01f873c546ef5a86e2c6e229a354f2f4a9536300a0c7e5ac67a1ddc8e38ce4e78d3f1afc5993e29585c787be16780353d6f57d5311db40d686358c99002ce588da9f7496c11923a751f8854caea3ab1a8d34dbd9e8bef3821429d48d9caf67aaff00807e47fedafaa4dae7edb1e35bfc6e559ace38643fdc5b3b70a7e840cfe35c678fcc8d6c8d2b00300038ca91835d6fed7da46aba17edb5f123c29e21d52daf2f341f1549a4dcdc58b662125a8103a2f4202b46cb83861b08600822b8bf8812c4b08c7cc060b107a7ca735fd879550787c06068b5ac69535f74228f0b19658c519bf79595bd0f3fd4a46f3886da46383b7fcff915dbfc3eb5b7835245962f3034255593a862b8048fe219ea2b80bb426e0b6dc648ff00f557a1f8157fe2629743cc1b71b739246dedfcabe8b32f770ba7667a1899da89f46787adff00b23e09f88ee55613e5f86ee161951082de6c654609f4661c647b035e21a05a4a5b7b14dab95c91fc5f435ec5accd3e9dfb32eab6ff00690be7c76c8f0a8c7dfbc4383ce586d4cf4ee2bcb3438a4568ad761cbdc285040e4961cfd3a57e7b9436a1889beb36be492ff33e613551293565a1f47fc2eb3658edecf77eec4600238e157f406be87f87fa2cb6fa1c3a8c9672795324a609608437ccbd01f986d1c804f240ec6bc2be0bd9addcc9a75ddb0001775e4ae7e438c11d875c7b735f68feccdf0f740d47c3d6b7b7704b71682556919490a09452db81ee36fe407b57e499fd3ab8cc67b0a7bb7d76b7766cd73544ef75d3f03a1f841a5cf74e9aad9e9d7cba723394924532089b3855de02abb0ca0270a791c57b0dcdd4b169e7ca764fb4cdb5e28a1c81804e724f007f5ae8348b7d023f045ddb7868c1047065258e38b68246307667ae2318fa560c72dace23b59d0be6e1563e48049e33d41fff005fe35f318dcb9659cb4d54e6e6d6eb4d5e8d687a74a3681f9d1ff05ddf8c11c9e14d07e14dcc4f1b47e12d52e21f3e102469a4bab3465c81d0ac24f27aa9afce7f86d0190d85af9085a6b4823f9864fdd1ce6bea7ff82f07c50b387f6f6d334cd3e7496c2c3c130a49148b95ccd7b78eca73eabb7af383ed5f367c3a4b583c510c2903c90c328581148edf747a7a57f47f0961aa60b8328b96ae69cefdf5697e0a276e3e9c70f9553a89efbff5e87d5ffb30b5dd95c5b46d68b24b04ed1da2b923828542b72011923d3827ad7e8c7c30d3e782d74cd1754bf8cddc776ef7300180ec546d75e00c0c1fa6ef7afcdcfd9f357b9bfd716dc5cac11bc9b9526622318db8031fee9e78ef5fa4ff000674d820b0b3bc82199cc205be771652814156c9f5c9efdba74afc378dbda47334adacbf2ba6fe7ff04f93cbe6aace77ee7b35b2347a34b3cb10c34479ce38e7bfe15f97bff05bdd6d2f3c0715abb92d0deda143b7eeb191cf1cf3c47cfe15fa737b713c7e12b89c404111e36af3804139e7f3afc7bff82de789a78bc45a17863edb2eebab912cd0861b47968d8c8ea7fd6a904e31e8739acf81b0ff005cf1030308fd94e5f76aff000b9ef45b789a2adf6aff00726ff357f91e53e3bfdb6b52f88dfb16fc3afd8c749f87361a5691e08d4ceada86a503b09f55bd749e1f3a4e7692b1bed0d8dd8001c85154fe08ebfa2dbdff00937f2c716e648c6e7fe1e739c8f603b75fa91e5bf0ff00c797de0fbc86ca3f0fe93ab59145926d3b5bd384d13b720ed752b34448c64c7229381e95ef1f0b3c4ffb2ff8aa25d2be217c0cf13f87ae64e3fb53c1de248af215c649cd9dfc5bc9c77fb60e9d0e6bfa0f36c2c30f869d28d37cadb77524f7776df334f7e8ae76666a1994e32a924a4975d36edd3e6da3ee4fd967c0d1f8a4d9358ca9231936c7861c93b471c1ce07e5915f6cf847f669f12e8f05c6bf1c08d10837ee24803938c8e3a0fd6bf383e12787ff00e09e5f63b04d37e337c44f0c6a1f29fed6d6745368b0cc7250245a58d40b0c852ccf244c324ed1b769fa9fc03a869967a68b3f047fc14c356b2b5964431db6a5ad69914457e653b1353d52de423700083106c8181c1afc0333c930d4ebca75632936dd9b5b7dcd9d184c2b8a4a3153ff000ce0edeb768f9f7fe0af5abeaf77f0dbc17e00ba4963b51e3559e6f25c81b92dae42e73fef31c1eb8fc6bcf3e097852c60b1b396da61248506f8a31feacf23a0c8c600fa13c7435d87fc14e0e8b6daefc3df0241f1c6e3c772ea371a8eada9cf31d2b36ec89043031fecfbebbc825eeb05ca670db475235be11fc3e9bc25a44535f58cd2c579a55addd8cb2db18c4f1c9c33c63a950eaebb8646558718c0e8f7b2be10a142fbb9bf54e4d6bfd6c7362a84ea667cad7c297aad2fd0f54f0c5847a6e9b079d6cd19920e36f07691d48ed9c923d41cf7af8c3fe0ac3f163c4ba5f8dfc1fe01f086b72e9d3d969373a85e3c1261a54b8955220e7192545b30c7400f1d6bed859259e26bab89e591db0497cbb39c03d41cf41fd2bf31bf6d7f1c37c55fdad3c6bac7db04b0e9777068f6fe5a0c22da42b0b2f18e922c9f8e6b1f0bb031c67154b1352378d284a5aeaaeed04bee937f236c7d554295add8faa3e0f5f5c3dfce931600ab12a80703a7afe9fcea5f8a1e74fa5c8a8017d9843bf83cf43f98aa5f05b1f6a9d55976322904a9c8dc33dfff00af5a7f14208e7d0e448fe5c93990e4907b0e9d3f2eb555128672be472534fd8da48f8e7e2fd9c7697d11c95916e5bcd5623b3038193d7ad6dc63c980cb2b321dd865ce00607f31587f1cc209e4976a7971c84052bd71ee3df8e7d2b42166b9b5cf99f2850641b7920e79e7db3ef5fb259cb0145b7dff0043355d468cb4bdd9f497c15961bcf0f4526a4b2ce91590851900c2308f6a0f7e832783df9af54f8388f71a8453c722c4ab348225c1651f275c367fbb8f635e25f032446f05cb8dbbd6473c48430daca982339e3dc739ef8e3d8fe0b4c96fad46b70a4bac84b81c8049e383d79e4fd6bf18e23a4e2ebdba32b12e94e54daf2fccfb53e0412da44b1fcaa12357540a31f4c0f4cd68fc509752b6822d6f49be92caf6de54974fbeb7f95e2950e55d73dc707bf4acdf804a24b168a49b7bbc0c1c04c00c1b8c63f0adff008850a496023891d4004b6ee7f4fa57e358ba8e9d05513d9fe373f49cb68afaa451f90dff0005abbab2d47f6d89bc7965a5bd8dcebfe0bf0fea5aac0576a1bf92d10dcba727e4663b8771b88c71cfcf1f0cc4c7e26dcdac6c47dab44b888a83d4a947edd7ee7f9c57d3ff00f05b5d2e5baf89fe06d7cd9bc4d71e0a9ad5a52bc4a6def6545c63d22f2d7fe03f4af94fe1d5ec6df15b49b88d49f3e0b9423fdfb7931fd2bfb3385f10f1fc1342bf5749ff00e4bff051f2b8c6a18cab49eab9bf3bff0099bff1066537f6d1a0036c723118fba02f4fd4fbd56f86493cde298225976b1b82a403ce0e3a7af7a6f8de433eb715c4c0856b67230b81d060febcd43f0eee22b5f13db98c6e06e80700e0b7ccbdfe95ea283fecd696fcbfe67764dae57514b4bb95bd3b9ef9a1594b15d2cf25b08dd5a37d9229185600a9c1ec411cfbd54f8a845c5be55b27cb70ee17f84e71c1ff003c569e837f696d043044de75cc6c1dda4c30215b6a8f9b2301474c75fc2a2f8b57c351b36d4354983dc1b832481542e724e4600c0078000031b6bf3fa5397d7e375e47c35051a5566bb1e29fb3f3cb6bac78d34c463941673263d8ccaddfdc57d29f0b1e5fb4492ab3602ab904f0473c1241eb9ff38af997e03496e3e2f78b34c9e3c8b8f0c5c3a0ddb42949e23bbdc80c49f6071eb5efbf0f2f258ee96385e45792255664f9471d7207af1fe4d7abc5f4bda569f9c62fff00258afd0f4331e5f674abdb74d2fbdafbcf64d5af167b7b2bb8d122cfcafe5a9da49e00ef9ebfe4d7857ed2da4b6a5e13d7ca200cfa60c26492c42c8491f901cfb7e1ed5aa4930f0dc2e701768910b46474278527af39e7d78af28f8a6d26a5a6ddc2a0aacf69b5c904f43ce6be1f875ba38d8cd747f934ce9c0d5b73d36f56bfcbfc8fd24ff8344be1a3de7ec9bf1c25bb8e48ad3c43e26b3d3d6ed541042e9f2060b9ea57cf079e3e615f8bf7be1d4f07eabad58c772ac2c35db8457c70c11bef607d2bf6dffe0d50f1c685e1dfd81be32dcf8835392decf42f1236a1a848b9cdbc1fd9a4b38c73902163c7a0afc43d7668f514d527b5662b35fdcc88c4e4b8f5e3dbf1afdb712d4e8d16bafb4e6f955925e897bd6ef77d8f77111a74b0b0935b5bf23d634f66b3d74bcb1978d8927e7c16e013827d87bd77567750c5a72323a61b80a38e38f4af3eb5953514d2eec8dbbf4d8dcb4618862d92ccd93c1c305e303e51c6724f53a65fcb1d9089d15c22294d8b9f9ba76edce78f6f7afcd71f4b9f97ba3c6c45a174b438ef8c96f26a5a2df5843c878dd8a80304ede3ea7a702bce7f63aff92c96f71b770449b0bd319040c7af35eb7f173507b9f0759786edad1628ede59ee256dc3334f294566036e5408e28942f382ac73f362b80fd91be12fc50b58f4cf8ef27827506f07dc788af3425f11471036c75486de29ded0b039493ca991c06003027049560bf4b829c570c62a2da578b4bee7fe471508a8c67657b6ffe47de7f0ee52d0b2c89f2aae4bf0476ce2be9efd9ce6927b872626f2a384f98a7a92c401f4ef5f2f7856d20b3bdbbd22c6fe3b88a22cb0cf0729220e8c3ebfd6beaafd99ac0ac2d70e76f991b646396030457f3963283a99a412ee7b38097ef2499f537803ca974f8195b18504fa81563e263c2344b89a69481f64e060904e7a7e593557e1bdb4874d495b7905495078e29df1736c1e1bb8de48c45dc70bc577e269b8c65267d046a274d1f983e2c31de7c7bf125bcff00668d65d59d9e59b705606243862bce323b73f37d005d7b16de155bb2a36c9015465079cb7eb9cd68eb3e136bef1f7c46f117da846ba4adadc84922dfe73cd716d0845391b1b63c8f9c1c88c8c7cd918be3379e2f0ca5bbc7fb958c94e7391f30cfe79e3ffad587239470fe7187e48fce6b46d5a72b6f293fc7fe01f2efed297f6b69a52790b0acbb5fed003160002db58e4fcadd3818e1475dd5f36f82f4c3ac4c962633e6ddebb1c655c632a5901fd335ef3f1e352b237105bbbab2cb2059d1f0a304e067391d09e4f1f85799fc10b3d3bc43f12b4cd491f6c171ae5dde6e11646c5691940031dc01e83f9ff40f0fcde0f219cdad95fee4dfe8746491856a95aae9a2b5be47d9ff000834bb7b866d9743770c81a1c8036b6e6c8e46381f561e95ef5e06d28a98ad6180b3497250a8e4b7ddc638e471efcd78bfc27ff4110ceb6c5fcd0e1d5fd095c71dfa03f862be86f8773cafa61b7fb74c2559a395f92567652db49ec0ae71c9e8f5fcf1c4d59bacfb0e5084aa28be87a568b0d858e8d74f0ef6f2ec897774d833d09fbd900118fc33ed5f317edf17b6d3fc321a75d4a2584c6b25c6d3b4f185284e38c0079e7920d7d71acf85b5c7f06cfab2f84e3b28dd1c2dada2c8aa8170d24e7cc2cc5325496c9525b00e38af8dbf6f8f10d8f877e07f88758bbb78f7c368d058b7f109a542bdfef003e6c7b77ede770f61aa53e25c2c1c7ed2b6eaf7765f9939843f72d3d136aefcbafe07e7b7ecd97b75a5de06853ccb63319d21b5bd36f7b633afce2e6d665cbc128dd8dc032b28c32b6d523eb5f81bfb6dfed59e1180681e29d7744f8896eeab1d9697f127c2f06ade4478cbb2ddfcb7b190d80a16e1536efdca4edaf953f67c4d5f50d426d134f663646fa36f2c4676195a3c286c0c162aadb41ce39c7539faefe0dfc37b3966b4d65955d9f32345b7e4551820e001824fe19207001afe86e32cc68e0eacfdac53bad9abf4f3d9f9efe67d261b195547dcd5276febc8f4a83f683f1b4fabda378b7f667f86c9732e239274d2b5b82385c72c5235d554300171927077f0735d5f887e3b7c7cd2bc3b616b73e30d0fc23a66a56e64d5b46f02e8c2c9db61976092e9e492e7007cfb7cec1dca0871d6ec5e115f13ea103cb64ecb630022352cc2384602aeec65324a8191825c7ae2b91fdb11ae7c2ff0875ad77508d556c7c317b35bdc4aad96296d31400271c631938e8a4f26bf1ea399c3179853a34a9c62e6ed75157d5db4fbff00a676fb6ad1a6e4924975b58fc8ff0007ea375adea971af6a4fbe7bcba69ee1d539691c976fd49ad6f886638edc3a118ce48f6358df0f6102d046cc7893773df8c55cf1bcb1957560dd7afa57f5ad482fed0496c8f89aaa32c7d8e57fd1cddc68dcb3ceb96e471915e89e060cd78f09902a3c8bb5b6e4a0f5ff00eb579c5990fa8c24a12826049e86bd37e1fdadb2dc4324aa7f7922640ec0f5cfe5902af36f770ff23b334ab28e11a563d83e28cf269ff01ac2c6391a45b9d5e34f377290c4452311c75e8bc76f7ae2bc1702cd3d9c4e4966ba56ddea3dbd71d6bacf8d963041e0af0c69cd22037773753ee40096db1c4bc63fdfefeb585e118920d62c592161e5c8dd01c1ca919c8faff2af82c0b8c72b9497da94dfdcdafd0f9dc35e2e2a7a5fa1f437c3cd45f449ade70e92a95cbc7283d3238e082471dbb135f6ff00ec55e2bb03e16bdb3baf1127db20ccb6fa66e2a464005d49eb80172013d066be26f01e9e4dbdb9ba9195551559dbb127af7afa3fe07b4ba2cf6da8450c327d8fce8a368e00a417cb6ec8c1623b67a0c0e95f916718da781c52c45aed37faafc2ff0091ac653f6f7be8d1f5af86358b6b5d3f5bd3f50bd8d66b920c6ab20c96c672547b0fc6b23c51a84f68e93cb79e53c4eae24738fa003bf3585f0ef525f117db359d5584b7aa638a028981b02ed1903d071cf35abe38ba8e081eca7452c2160ebb704371dff318af83ccf1df5ba1cf1d12dbbfc4f7f3bf63d38b8ca3eeec7e31ff00c15b7c53a37883f6bff1eda6a7e1386f6fac74ad26dd3597bb62612f6904c15501da30666047624d7997c34888d754491e4a1c95fa71dba1cfe35b5fb7e5ff00f6f7ed61f16ef1cabb47e2a6b62c07fcf064b7c0f5ff0057591f0dadd56fe1766009943642e7033d706bfad32aa2b0bc1d84a5add5282776debece17df6d6fb066f5d4f0108db48e9f91f5afeca3a1c5a9c51c52da48521632199141c019054faaf23a9eb5fa23f032c6f34ad26caea1757335a176863ce064ee5c9ce3206de474c11ef5f107ec7fa2e9171a15dddb5d46aee6531c0919dd21d8482060fa67e80fa57dd9f0834cb9b0d1ad679f6bc535b7fa3a2c9cc791f30603df23fc8afe6fe2dc4bab9dcb47eebf3d3cff0043c4cb29f2d9db73bff13ddbaf838c6a37136e14aa93863923f9fa7a7e15f887ff00058af148d73f6a0b1f0f479d96160f23338c9dd232a107e9e4e7f135fb57e3fb94b4f0e28dc373c5c64fdd24fb7fbc7f2afc20ff008296f8a2dbc55fb6ef881addb10d9456f6e8307821379c0f4cb9afa0f07e1f5ae3dab56dfc2a2fe4dd97ea7b94d5f1b4d5f6527f85bf53cf3c21625f5332dc14d8d0a8521864ae4a9c8fc0fe62be91f80fe01b0f106ab05a9b858829629be421570b9ebdbffaf5f3a78022f3ef4b63873c93dc0f6afabbf679d2ade4d46cbe460279c0761c7c847cc38f5f7afd7b8cb133a186938cacedfa1c189aefebddf6b9f4d7c17fd9ebc19af4d6f6f269bbb6c61be76c0994aa904f7c824f7e70bd315e8bf143f662d1f44bc31dddb5ac766d1192d9e3218151fcf1c0fcab5be0ad9e99a4dc5bdcaaec894e6dbcdf95d23c95e7008efefebc9ae83e2b3bdec924d77771aa793e598c3901101e8371e3d4e4f39cd7f3663f349ca97373bf69cda6bb2ff827b3874e14eeba9f9e1f106dacb57fda47544d1a0b87b3d262834cb2574c231850b4fb79c002779c74ea0f4e71f567c2e445b0d2c258c620b1b386dcc11cad2464ed25d94301b77b1672bd03bb1ef8af997e02787b50f8a5f11353f88aaa61fedad72f750de0e3cbf319a620f65c09396e3a1c035f5f786bc3f3e93a0d9dc06de92409e738c0c9dedb72158e3760119c6e032057d4f18e25d0a14f0a9eb08c53f54acff1dfccbc0d0afcf2ad2d0d6d63c4d6de18f0aea3e32d76783ec9a5d9dcea776bb400b1c51348fd3b055e9cf4afc98d4fc59af7c59d7f51f89face9d6d0de6b978d753dbe9b6e21862dd8c2aa82781ea72c4e4924926bf443f6fdf165b7843f648f1169c3505b3bcf118b7d06c9890bb9eee54470c49185f2bcddc47217279c62be00d0b439b49d0ecaced67905dadbe353b6bab745fb3cbe63e117a9388fcbddb806570ea461413f47e1561151ca7138f96f526a09bed1577f7b92fb8e7cfebb850e59376d3f4ff33ea9f82578ef7a22ba6dcc2042e7182085fe55d9fc4c81f5082486cad999669cadbc4afbd8e49dabf2f53d074ebe9d2bcfbe0e4d6d1ea314050bef775949560cb8cae319e99c76cf27dabd1be2542a34c6f3e1da1177eddb82a31e98e3a578198ae4ce22fb9a609caa5195f569ff00c31f19fc708a45d42e228d36a473365037dee72791d7fa62974d13cba7ed4dab98c229e30463dbdfff00af53fc795592eef4ec562aa0e557a86e011eb55b43ba81f49449658b26dd4210a7078c6783c75ebef5faf516de5949ff005d0e1d141d37a25f96bfe47af7c02b996ff4bb9591823863b5b0412d81ce38e49ee4f3d79c57befc209254d7d66ca87959581033df07f1eb5f327eced7c6d75710cadba3240511c83b807af3ebc7ff00aebe94f83b67731f88ed6cb53ba4842b28964762ca9bdb393827a0eb807033c1afcbf8be8f255aabbafebf43a69f3d454a4bfafeaff81f72fc08f2ad5bcb936ee68f7264920862320633cff85749e31b2ff896b08f2760c1ce72dd47af5ef5c57c26d56d98d935bc6aa7cb58e58c36e50ca06e39f42413c763c577be268924b431cf08c6491b7f888afc0730d30ce2fa1fac659183a0ac7e667fc16c7c32d71f0fbe1c78b238b6ecf116bda54526fc00a2dec2e31ea72666e7b63debe00f025c1b3f197862f117632ea56f0ca14649dcde5f39f635fa5dff00058dd1bfb5bf664d3b56bb212cfc3ff136d0cb711c5b9e317d65728d8e70722c978cf515f9bbf10353f0c4df12d35af094d01d3a1d56d8d89b584c48e9194008538dbbb6eefa926bfadfc2dc43c5704e1e8d9db966afd347b3f5e6bdbc8f92cd685b1f566acad6fc57fc0353c59395f131b638648e19420038c67b537c0f1087538ae446c089831dbc63e71cd37c7f11d3be22df01b42fdaa48d4818c2990a8efcd3b427f2515908223909c13827a7bfeb5f676be0a36ea91d194534b2cb4fccf70f0cdbf9d2cd12c204be7e14b1e465fdff000ff22b53e2646f1f87b30caadf2f719001c6318e4d646928b0eb5705d3616c1208c1200ea7f9d6d78e2775f0d49188561c908df306fa90dcf27d8f4cf6afceea5d6369cbcd1f9cd3f674eb548cba7f5f89e09f0bd5edff006a58f4b9ee12317fa55fc25a47c039b567039ebca57bafc34d4d85f5bcac15f6211f21fbc48e3fcfb57cefa4cf1597ed2be1cbc00624d4042cfb7e5264468f3d73ceeaf72f08ccf67aa25b34c37b3f55c818638ff3f857d171351f68a9bef4a3f8395ff43d6cd2a5b014a51fe67ffb6b3db2e2eae24f0c463cc2c554e54a9000e831cf39c64e07e79af37f1e3b5bd92ce704340c8c14fcb9196e3ebc0cd7716a6ec680236b7daac87cb761f78162323a743907b0c570be34027d30dc4dcbc4fc9c13b41e3bfb11fa57e7d964143116f32702b9b13ca9eae27db5ff0006caeaae3f63afdb3bc3b7171fe8965e17824065e1533a7eb08c4ae7201118cffbbd6bf20bc397e25f0518636c979e73c1f5ebfa57db9ff0476f8dbaf7c30f837fb7d687a6c49f67bbfd9e350bb2652434728967b5420e476be73ee42fd0fc1fe0b9837812370c0b09252ea4632777b57ee12bcd3a6d7c3cad3efcfcd3fc1bfbee7bb88c43961a9a92bdcf71f07ea93def863c397218168f4b8ede4049ce7681cff3fcabb9d310cf6ad733cdf360018200049f6f4e7f2af2ef84d3f9de0fb0911c3baab2214246d28c323f2dbcd7a4786efe25b47b594993326e55638dcd8c6ec9e46057e7d9ad2f675a49746ff338312a2a377d7fe07e867f8e6329a31be0de6344c4873c6e5524633ee7f957dc9f17be18eabfb29ffc1227f676fd9daefc51a3cede21d46fbc577f0dba3b19679e46b9e243f24891c7790c7b81072a78e78f86fc5f71e76932446044447cb32b648c939c7b71daaffec4de08f1bfed07e34f14f816c7c7775a86afe194f37c35e1db8bbf3a66b0123b490dac4c0b361b62f9684e0383b42a961cb88a352a64b39395a106a4d5af7d6cb6ecdebe4efd0ebc96746a46a504bdfa91b2b7e3f3b7f9753eabf85da1c179786d6de4f34aa2728f90c78ce0e7919c9fcabec6fd9f3c39736b11b511b36412a71f70104e3f957e7f69975f183e0eeacf6da69b782e1630b2dbea76a6195486180c920047cc067a7dd3f43f4afecfdfb577c5bd33c396e6d7c39e1dd67c4d79e72b6956b673b0043ecb78952394b3c8407763f740740390c47e62b0146963562aad54e2b6eff71708d3a127193d4fd28f863e0378341827bf8766f5c93d893587fb40e8d69a7f872e62965da5e30159ba73c0af9ebc15fb47ff00c1503c756ff626f86fe17f0b58c2aa96e6eb4291650b8c0cbdcdcaa6723a0e83afbf4fe33f841fb45fc6736f37c5afda22ef4a834f825fb4daf8734f92485c05c3191a21f674c6415334c8b9e7b71d58c96595a8ca9d29f336bb5aed9ead0a75ab24a117f735f9d8f877e26d82a7c4bd6ef2c2e1c0b9ba58a58e37c2c8c88067e830a46475cd60fc51beb7d23c07b1249db50ba33090496ea616b53b76babb36f0e584990546005209c90377f6a7f8b9fb35fc25f8e769e06f86536a17d65a6e93e4ea1a87da0ea22e2f3cc98ca4dc460472cfb762e21cc61b0819f6963c37c46fdaf7f64d87c26c22f15eaf37886dd5bc9d32f3c2333dac654922362eb8c13c91b7afe2470e5f9166b395370a529462959a4f6565a7c8f8fc5e0e70af5a1092ba6f677b3dfef3e37fda52f1174db88eea42249182a0e8231ddb9ebd0f4f7aa7fb24e8e6e752b790461fecda6cbb768eaef271fd6b8cf8dbf1760f14cb7cf63710c825b8d90c715bbfcbf329509bb27f854673d0fbd7aa7ec61a04f6ba2cb7da9218a658912547520fca37ed23d7e61f43ef5fb8636955cbb84a4aa68df4f556fd4597519e0b0552a495b992d3d59f59fc37d3269912f1ef601242c8a2d6346249643f303b76e33c11bb233d2be8af857a75b58f895e0bfb7374cd008d228a5578cb14ce3e42430cf3f29fc462bc2fe1659dc4970b1ac0ca8d71b4957fbac3033807a60f04fbe33835f47780745b4be92da26630c896acf2c8968bb5a6cbe171b8606d03a7393d0e6bf99f3eab29e2b963abe8b432a0955a8ddb5bdced86ade2cb58245d3edca2cb6d3c0219acfcc20c846ffbfd3a672738c7735f03ff00c152356821f84975a789f7c92ea1bd8c5ca229da8bd38392b81d80afba7e23e9926976b6114b88cae1a28830c98cae73c13b73d3920e7b715f9f1ff056055b2f87f6f109a2ff0089878960f2d61b88e431c662794464a92432f008214e4723a57abc134e7578c30b4e77bc649febdb4ff86d0d318bdaf25397747caffb34461b5abdbd93c922298330762090bc1031ec08edd6beeef858d67a4b4309963df748bbe389c9312100ae49181c9c01cf00e48cf3f057ecf53675299db05e4bf2b85e3773823d0fff005ebeecf8371ce2dc334cd8744023914e4e4606081b40e01393fc43af35fa6f89117eddb7dbf447a582ad250e55dff53ddbc14d15bc925fc119c2c7b0a48c70c421e7af4eff008fa57877fc14975dbdb8f819e2cb5b797296fe11bc675dc721590c433c9e0b3e40c0fbc0f7cd7b269574b63a4fd8ecedcc44616e44d9dc5d49e0f3c761f9fbd7cb5ff051fd4ae60fd9efc6534b7a51decadad8c7e56013f6985480727a862dee7bf6afcbf84287b7e29c345bff0097905f7c923beb625aa6a9777ff04fcf1f05aba24436e4b31c1c606735378c2e59b795c72dc28fe550f84d1228a294f25a30476c547e2a95cc006d1f7f38f5c57f6335cd8db9f357f6999dfa266068d1efd5a3255982824a6401d0d7a9fc33d3ae2e2e22f358a292141c641653d7af51d735e59a26d5d40b21ced523a6715ebbf0aa32da9436cabe613229550b9dcdd3afaf3fa5679e49c683b76233c928d0f91e8df1ca7892e7c27a41b72a2df40dfb37eec192428187d7cb1c62aaf8260787c4f67144cb1ae092dcf03ae719ff0038a87e2fc974de3ab2d1dd0afd8b44b4b7911c72186f90f39e997ed563c176e89e24133c00958ce063a71c0cff009fd6be0611f679545778b7f7b6ff0053c1a729da352faa4be5e5fe67d1fe0ab4bcd5278fca848695a38edadade32d8385c00bce73f8924935f49fc1cd2902695e55dac90cf7523a150170b96512719c8ca9183e9debe7ef8257377a46bd69ae69b33c3358797730ceac4796d1805581f5071ce3bd7d05fb3641631f8dec6daf2e95a05b771144f26f4c3212a0f5033bb0471824e7bd7e279ec557c4469dfaaf4d743d14f9a6a6f76f6fbbfe09ed3f0e6c16cad6e5e3961626e1700483e60338200ea39e79ff0ab7e3cbdfed0924492460c24890ca9216ce5d77303d3a8fca9da4d8c567a9cc6c6da50322452f115326573939c807a70381cf26b37c59ad787bc39a85aeb7e2f673a6d9dd4777a9887863046dbdd579c1f941ebc66be26b49a87b08db7b7e3fe6cf45b8d3a47e0cfc65f103f8d3e2c7c41f13ca371d4fc6da95c871c821efa4702ba0f853145f6f812723ca765de15803b4b7624e335e6de1cb89f51b19ef6e1cb34f8925f5de5b249fc4d7a6fc2e5105f432cb2844c6189504818c6467bf391ef8afed4cc692c2e03d8c7ecab7dc92fd0e5cda6a30e5eccfb4bf64ab2336a315c69f1c96a90dbaf9cf2cbb83c81769230a38249c0c7038dc4f27f41be0c5938d034fbefb3caead031ccaa46369c6073e8467eb5f097ec7d650be9310b7407f7a082adcb2839208e7be3dbf5afbdbe12dd5e5de896cf736fe52ac3e542564f4ea48f5e457f2a7125784b3ea8a5d169f268e3cbed2bc9eed8ef8cf7d15a78717ce8d97c8b60ca074c6738afe7f3f6b8f102f8b3f6b5f1af88200e11b5d95630c72ca11563c71e9b715fbcbfb56dd8b0f025faf98aaf0d9cb379db802aa23383efcfeb8afe79fc53aabf887e206abae3c81fed7aa4f2071fc41dc91fa11cd7e85e05e0d3cd331c5be918c3efd7ff006d3d7c349bc7cefb287e6ffe01e81f09ecae2e27b745849298da4939e71c75ff0026bec3fd9d749fb2cf6f343671208d159de56c05e99f71f81ce0d7ca1f09ecfecb3dbdc4680995018563625b76e2a063ae723a75c1f7afb03e04dda3e949222445a5971bb905c8c73edc638ff1afa7e3dad374a496c785294278c726fcfee3ebaf84f0c97ed6cb2c4a76c7b6364272dd00c9ee7fc2b37f6bbf136a5e01f82fe36d67ed2d14ba7f87efbc950065ae1e168141cf3c1908f6c935a9f0a2e65b4d344b750ac6bb83019c1c8e98edd4578dff00c14a3c5c6d7e054ba32ce0ff006d6bf6363220c1120121b861f30f4b7ebec3d6bf9f328c3fd738870f41f5a91bff0086fafe173e8233e4c25e4fccf23fd8d757d2bc2775a06a9a8e9a350b7b1d4ede7d4addd4279d6e8f1b9841191b9937a025460e0f6afabf4c7fb758a470cb2c5142f1c76d6ec0b86894623dc78e833dbffaff00347ecdf609a75d69c34e88ed9173325cdb02236e71c1278c8c824d7d3ba448d15dc08cde681990edf98b3f1c9c7a9eff009d7bfc678ae7c7c92eadb3bf2fa9cd41c64f4d11f247fc162fc4896d61e02f85cf613cf15c5ddceaba84bf6cf2a181e381a2b70f2152b92f2b3053d444463a57ae7eccff00f0461f1fff00c14d7f653f08fed63fb2f7c5bf04691abea7aa6b165f10bc3bab25f4634cbf86eb31a8904b71e6b488e65e16255864b61891b7caff00087fc1477e3ff8e358fdbb3c43ac7c37f17ea5a33787ad60d1049677663326c064996455f95d4c92365181071839eb5fa47ff06e77fc15a7e177eccff0c7e26f823f6a892decae2fb5cd3750d22fbc3de1cb3b282ed5ade58a45782d1228bcd4f2632d2ecf31c48a199bcb5c7ee9c3b93cf24e0bc1f3b4938f3b7ab95ea3e6f86cd3d1c56f7d36d0f4561b018c9fb3ad6717f2f34efe9f99f36fc3029a778f2eaca4538fb6ccd1efe47cd2123d3a67bfb7d2bd17e23b05d1e6998b10c837e48cb29f43d477af32f094ad6ff146f373053f6d24b77259b963efcf5af54f1cc692692f100aabf66c601ea76f63f957e4d9a6999529bea97e878549de9d485ed67f85ff00e01f1afc7fb7be02e26b703c847dac426ddd9ce3d0f6fd2b3f45321f0fdba4a8df35babc4483c6467bf7ce38ad3fda012eaeb50bab6862763b0cb849010502172d9e9c0527fa66b17c297fbf44b251c27d962cf6e42f5e47ff00aebf5fc2a93ca69bfeb6381d6a1387bcfcbeed3f4b9ddfc19d4e6b4f14bf9b1108304654659f38e7a7e5db00d7d15f0deea48fc43020932932e18c8303db2066be5ef87d3cf6de258642fb2397ef64fde5c9fd7a57d2df0fa584eb16d705b73c73aab0703a1231fa0fcabe0f8ba8ae66edbc4da83e6841293767f9ff00c03ee1f835a9db58e956b6f97262da43041923681827279ff0af50f115d092c9c7cc55d4321e09c7b7eb5e15f05afe37fb2bcf22b160176e3be7a0cf7fad7b549289b4c4db12926204367db38cd7f38e68a7c93573f5bc9a4950b1f1d7fc15134b1abfec53f106d0b46ad65ac683ac2f9f2045020b8b88189dddb1783d2bf22a1f13e9b7416caffc3da4dcfd9aec037b04ae9e5a993765bcb7dad8c9c1c6703926bf653f6fad006b5fb287c62d396db74d2fc3791a257f986f8f53d3e42467a10a8e7f0afc44b6061bebc6b57f2d9e15656418c30e847a735fd53e077262783e506f58cdf75ba4ba3f53e7f379469635dfaa3d6be21687e33b0f19f8874cf1558cb1dfd983e6e492bbd65523693c1181c1f4c52787a46bed17edc849692069073c36403d4f6aecede2bdf891f1627bcd4b55b8946b5a3d8dcbfda5cb90f3c2aecd93ee4f3ef5c46916d2e81e17d46cefe36436ad32c2ae08deb8dcb8fa8615f754abfb4c3aa6d2524a0ecbcd7f9a3b303460b0da3f76f2d7d24cf728cc373ac45771b2aa98c1284eece1470093dc9fc735bbe2fb9997c273c6d6c449e4ee76560032ec007180339ce7ebea6b95b269ac3585bd7426392da3e5580da7038efd7ad74fad6dbed35603222958d994c8405c0562063b9e3f3af80af1b56a6f748fcab154e2b32a904ed767cafe25bf8acbe2af87b5a67db1c5aedb19007c10ab3293d473c6719f5afa3605b6d2bc593c1007314778cb0b48c37e0124123a7e1fe15f30fc67ff0045be4bc8176bc1705973ce08391d2be95d5eed67f12fdae38f725c243750321eaae15bf11dfe86becb8829f361b0cd6ce325f738dbf33d1c55453cb2324f67f8ec7ad681741ecdedae1776e5215b7f4c118faf4cfe35c878f62bb8745bb16c330b178db9c1dd9041fd318f7fcfa7f01c1a7df69adad2dd188ab2c4b6f3b333c848cb302170146dcfcc41f98019c13593e3148e1b3bed3e78a350f26f6b9763b91423703276e0e41e8790307a83f99e19aa58e697741809aa32551ecd35f7a3c53f67ef8bb61f0bdff69cd02fae228dfc6bf0326d26cb7ddf96cf2b6b1a4cc553fe7a12914b95ee33ee0f8f784d0c1e0285d49de5647daafc11923a7af151fc5231597c46b80252566d1cae5939dc3702060f4c8fcaa6d05e25f03431bc8147d9e4e83a9cb7f519afdc29d050c3aab7bf3f27cb961cb6fc2ff33d085552c1516dec97ea7a67c0dd492f74ab0b6ba9da30d732c2b23ca42a6e236e7d00c8c9ff0023d0b433beeca6f23e43b829e9d323db81ed5e47f008dbcba35e452ba811de02a4b7249452141e83a375af5a4b98ff00b5e62b6c501c30040cedf7c753d6be2f3ba6a18da918ff005d7f50a969ab37b13f88f546ba862b18ad9c94917ed024e846f193ee0f1c7ffaabc87c2da96a9e18f8f57f269774f6ef34ae16589b046555c118f7008af55bbb6bbbd9246b452e90442599d00c42bb8004ff00c0980fa9af24867960f8f116a0b8fdf14742f8c0fddb0e477abc9a10f635e16d1c1fdfa330c35485392aadbba7a74ec7d71e0cfdb3bf6d8f085b416fe14fda7bc570db1007d9b52d445fc2800e36a5e2cca8003d00c0cf6af59f0c7ede3fb7e4d2dd69b6bfb4224d2c8cb15adfdb78534b49200c80b1dc968093cf4e991d6bc3bc05a2c3ae95825b0cc8f22b3155180bc7f8d7d11f0bfc176a6fa393fb2b2a618a11185c06ec49da39f5eb5f9867d9a6170706bd946ffe18f756d6d73d2c4e69983972c2a34fd59ed9f067c55fb7578ff43b79fc51fb5df8c6585e2478d2c2f059bbab2a8d8f25b84638038c104163cd5cf8c7f07f58d4b4dbabcf1a78bf5cd6ee218438b8f106b9757af9ce701e791ce32077af75fd9cbc11e1fb5f0969e349b158e36804a63690bed279db923b126aefc78f0c45359bda436cbb1a139db8ec081f864d7878bc44a1963a906b99a5b24b7ed64bb9df4f178cab45a9cdbd3bb3f2e7c67fb54f887e0a78d6f3e17c5fb2b7c3ff001769762e8c975aecbab4571875f39977dadfc29c34a547c99c28ea4e4e278b3fe0a443c250bc70ff00c1393e17996512493dd3bc979712ccce497dfa925df3e8318fbb9079cf63f1a7c1fa537c4cd62482c18794c8971e6c9bb7b85fbdc00546dda36e4f209cf381e3bf16341b28b11490abdd3b4644fbd628a3521b2ac30064965e72000a7ae723eb787b199555a54233c3c5b718ddea9b76576ecd6a79b4f34ab4dea95d68bdd8df4f369b3c47f689fdb67e237c5c927f075cf84ec7c350bcccc34fd2e4b7b68c4ad93b8a69f6d6a992cdcf1924e31e9fa2ff00f0438ff826c685fb647c1ff116b3e30f1fc9a34368d258e91159e1e537125b4c56f5d091f24728b5c21204a04a091804fe4bfc47d3628be25a69d032954bff0099c2e3215b39f5190b919e95fa63fb287ed33a2f85bc27e129342f8f1a8fc1af884fa1c1a2c1ad41a0dc5f691acc51dbfd9d63996de2967b3b82be51c8864567c4a1e2276d7de715d0850ca70f4f094572c9f3492bf45f37d3cff53e8b02e19a5d62f54b65a2eba765d8f57f873f0db5ef00b5ef827c59a72db6b5a0e5b54859c0f29adaf24b1b91b5b1bff7e1429504155620f071f4a7c3ab49b530e61882c571661008c0e154a1c0ce71f77191db83d6bc4355fd9ebe217ed436d65e2af819f15b40f1c6ab62af25febff0ebc5f6ba84d2c933f9d23dc410486e49f31cb9596207d98373d6780f4cfdbdbe0d43fd8d2e937b7f7d05c1fb6d9eb1e0f58aee5b741b8386317cb9f34283b3040eadb588fc16ae5f87fae4aad57283eb1717e7d7456b3f23c3af977d59cb9632b5ff00974b5fba7fa1e8bf192c6eb42b01aacb34cb01ca956909557c6500c8e1864e0fa66bf2dbfe0a97ac6952786fc35a1d8ce924afe29bfbb658a4e3cbdad1a9c7af5fcbf1afd12d52f3f6eefda162d3be1ef8cfc05a5490cd7d242b1e99a79b19ae01b7674912578d82a8913697652abbbe62a15987e7d7fc15f7e01f8bff0065bf0d7c2df86df14be25e83ac78c7569f55d53c41a3e816d081a6c6a6de3b732cc17cd9cb89661bb22253130404ef6afa0e05ca68cb8ba9d7a752e95da5ff006e4afe565ebe879d5701292fac34d462b7b75ba4b7f5f37a3d0f9bff006729a23a8c3e546048b7523005b21897383ed81f962bee8f83776f2db0b7b6b60be591234893fccff30c93ea33fcc57c3ffb35c76c7ec935a248abe66e9b732eddd8c123d3a0c75e95f73fc0cb0b559d1e4ba78bcd8238c442303d3dfbf535f43e24ca2ab4bcbfccd20a4aad933d8f474b85b4b779dfcc38572e4aae79ce32dc0ebdebe32ff829bf88a27f80fada5b3306bcd42d512124928bf6b460188c0e8be9cd7d9b3ea5a5e99a25f5f5c265934f22dda52c023e55476f98e338fc0e7b57e7d7fc14875955f8642c04e37dd788adc345cee545476079eb939e7dbd88af88f0d70bf58e29a137d2717f73b9ad4854f69171d52d5f9743e57f0b80acabb7811e4b16f4154bc533b8b5dca0f2c73939effa55ad0e4f2d09203103918c62b3fc4eeb35ac6138decd9c8e0715fd634e3fed57678d875fed8df733740c7da83b9c82b82338c64d7b47c1db05b8f12db4697814248a59c0e7603c9af17f0ec48642e3fbea0020906bdebe0397875a0d0db2896484e639701769e38391ebf8fbd707124f930b36bb19673c9749b35fe254cfaafc62d6ee261179915cc61da36cafcb12290a7009e7f9719ea74bc18f7706b841753bdd406ebc720e40ce7a560dcea99f1deb57621f3124d52e3698d81ddb5d8065cf6207b56e7812446f13a398d9943079723919ce4e7eb8e2be2abc1d3c1285b48c12fb923c0a75173f33ba93b7e27d1df0765bdbfbe874f81115586c2ce7f849ddf36065b039c7271d3d2bdc7f67f99ffe132b48beda88ab9fb4c73a96040c92bdfae36fe38af03f8557dfd9dac5adf8dead0ce8ed8c738ea3f115f49fecff006cf16a5a96aba5c66331e6580bb8dc36be7f3c57e23c44fd9d493b69a7fc134a33956ab18a7b7e47d1fa968f616d67631e9b6fe50f2951e7699983310011f419278e4e7a74af17fdb23c52be1afd9ffc67ab1d2638cd9781f5cba172616c4c56ca5087e6ca9daebc10072793c0c7af269af691f9d7f72ab3cb12c8c6390950a159c86c64a9076a8e98279c57cc3ff053ef155ce8dfb1f7c49d527bcb8469f407b776c0f99eea78a06ce303e6f3003c7435f3587a1f5be26c35250e5f69529c6deb28aeda1f4965ecd2eed23f1c7c209f67d3a452a470141f5e9fe15ecdf0874a170e19c31cc8a11b3c12393dbd3d2bc6bc2615a258a4ee57207e82bdcbe0c5b892fe0b5dac30c4ab05e57debfaff0088e4e3426cf273c9b8bbdaf77b7e07dddfb2a7865aefc149a9dc4fb1e2127950c716e56dbb095040e0e1f391dc7279afb73e107952786b4799add6265b5c3a4710525b232491f7895c64e7822be3dfd97269c78763b6b4b82ed3c6dbed1633f22852c5c11f74f38f40057d8df0bb4d974ed14dc15c848572acd9c7247007b2fb57f23e6d8997f6dd5d34d7e5adcbc072d4826bc8f16ff8289f8b2dbc35f06fc577d2bac6b6be1fbb666249dade5b63183f4fcebf04f46569af6366270186e39e7debf64bfe0aff00e3b7d1ff00674f172bb6e2f62d6d0ba01c34cc911e782703a0e71f9d7e3bf85ada09af97ce46da118e171c9c707f3eb5fb8f81d4393873178b7ff2f2a5bff015ff0004efc2ce3cd5ea2dae97dcbfe09ebdf0b23bd96eada4b1778655991ede44c8642a721948e41c8e31debec5f815a7cb25a5b6e52a5a6322461015239cf3d4720718e739c8c73f277c24d28ff695b4be43129cbed3c8f61ef5f6a7c03d37296f04a3f728301c45c8c8e33ec4e3f3ac7c40c4a8d2763c2c2b8d4c64d3db4febe67d1be03b593fb223b70ec1d9b12b3e7804e474cf6c70339af993fe0a4578979e21f0578361633012dcea5710cadc2b22471a640e9f34920f6da6bea5d3229f4bd0e6998461e4c6edc80ee53ce578e9c7d457c7dfb5b1bbf187ed3f0e8c64062d1bc3568b9280224b2bcf29cb138f993cbe3a9fc0d7e47c1518d4e22f6eff00e5dc672fc3957e3247d262e1095250eb2f99dc7ecb90e74785ae6c702585f06655054b7dd207de04119c9c7191debdb24d66d741f096b3e2fd45a47874ab132dc0ddb7f76a32dc81c74eb5e55fb3d59fd82c4a5d42b1f9d1188078c80148e1bdbb63dc73c5677edf1f1113e16fec5fe2ebd13cb0dc6ab66d616d346a190b4a766cc75072ea339e01ce3a53c661279cf1253c2437ab52315ff6f491d9806d61a1193f2d7bec8fcbc8f5ab8f1cf8d35ef1a5fbb349ae6a535d1695739124dbc673c8ec38e78afd0dff00824efc18f05fc48f86fe2a793f6b8f07fc31d6ad75a84df5b78cfc050eb097f6cf0e207824947c855d2e03a8ecd19ee2bf3f7e18683797b2da699a6e9b71712dd32c56f6b15bb3c93c84e151154658b390a00e49e3ae2bf677f66fd1ff00645ff82477c0fd134dfdb23e04a78ebe21fc44125f6a1a5b24332e896b6c15634453c60cd35d4464048924b4930484535fd29c5f8c8e1e8470d477765156be91b74ec92fc8eac03a4b1aeab76a705ef37a257d23f36ff0b9f224d049a67c4ab99278da359a6dd0b9c9c80c411dbdebd73c6117db34912da5ac8eb35a87ce0e5f6a9cb0c63e5e0fe59af2cf1bc5e4fc45633bbac2277f2133f286e377e3c8fd2bd5b5e8219fc276d2453abc82dc165c11b49ce547e35f866673bbc354eebfc8f1285e9c26d3bdb5febef67c6ffb455b983523e640154c0c4e14827be33f87e9ed5cbf83a069347b3dac3cbf2630b819ce1464fb0e3f1aec7f699893ed32f9365b5db076163d707aff004ae3fc07bc68b664953218c602e0678f4edd3e9d6bf60cbe4de4907fd6c79d85845b939eb67ff0c8e87c32f2da6b314b2c44b2b05483780319e3a67b8cd7d1be179ee603a65fdcc06169a142a546305415dc7767938ce33dcf02be6c9269acf53b7b88f184700995b8c9eff9e6bdff00c17a8dc4f65a5a2dda0461b7ca2c003b08e5b9e07279ce38cfd3e5789a9b9d384bbdff0023d28c2306a2afb5ff00afc8fb0fe084a354b6b30b80a26710b3328553f7892dc74feb5f435a4139d2021de5b60c64e7f107e98c57cb7f067594105bc4a1d3ce1db1c8640071f51f883d2be8ff00055d5ddde84b22832123646aa71b8904f615fcdb9cd24aace3677773f45e1dc42951b37ae87927ed15a2ff006d783bc59a1490168aff00c15af452aaf390ba65ccca067fdb853f1afc0e962f2efe34dac9211b1b71e9eb9f4e95fd0cfc44b09752f1245a5421546ab05d69c76f66bab496dbf3fdf67ea2bf9f3f18d8dc68be30bab1bb5ccd69a84b1ca3764b32c8ca72475e475afe88fa3dd7e6ca7154afb38bfc24bfc8e5cfe318e2a2fabbfe9fe67be7c10994f8bf45d4679400be17b04271dd53673c76dbd47a573ff160983586d0e3d8b15dda432ed3272c150a927a0e481f90ad5f840b29b0d1f5244690c7e1f1b6345c9f967997038e7ffaded4cf1ef87af6e3c41a7eacfa7c8db7c256a938311212469a66627d38201ff76bf4583853cd67293d95be699e86079960a114b7e6fccef67baba96eb4c8c44caa96b1b2499dbbbe45e3d0e0f3f8d6fdf4d25b78564b99176b2c4cd09247c8c3a739c039ae7435e4961a4dc4d20113697038476279daa1b0074e83f2f6aeb355d2a78fc0f06a91cd198efddd22643c0d98ddbb1d0fdde3dc57c8625c632a69f7b7e67e4398d273ce6b59bba6dfa743e54f8f16aed733c322a6ff00b49dc131c73db1db8ebf957b86897e2e7c2fe19d52d9dd64baf0ce9cee777a408ae07d0823ea2bc53e3adb9df33ecf9c5c379b2818cf4007d460fe75ea7e009d6e3e137832659f69ff00847dd1c81ce5277551dbb60ff9e7edb358a96538697f79afbe37ff00db4f5a147dae5125dbefe87b4780f56bbb378a581553e4628ecc061b6e3233ee0f3d78aa1e3dd5d04177e73ab6f8f70249271b41efd38c543e0792f2f608ae6de111a602b6c5fbc381f5e4d41f1652781640f22030c6e1594f0724f4e3be2bf38a7461fda567bff933c275251c32a6db6aff0099f2afc558ad87c40b16d4cb084c2cb2488fc95ce5b1818cfdefcaa6b65b33e144934fdfe418e5f28bb721373e01fc2a97c5b4f3668e7490b3adc382d9ea187ff5aae69b17d8fc0f0b05f99a07dc4fe22bf664bfd868ebd6d6fbcf7b0cf9f014ecad6bbfb9ff00c137be01dc4e65d6ac62512aa7d9a7daa4a8c059376738cfbfaf6af62d1676b9d4edade48885954248a8464007a1279f5af08f803a95dda789f53d32da4909bad3c1678d88202b60838eccac47e38c1cd7b668db276b431c7832166c0c819e07a9ea467af1935f2bc4749471b37dd2ff00d257ea8ed9454af1eaed7ff2fc4ea6f93478b535b6d5ed6de08fecf73ba5b9490286f25fcafbaa5b76fda003c16c6e21724787dec223f8c160f188e74dd8564638382c3b807078c67dabd7bc4f2cfa9ec121e449b51550e46eda0fb9ff00f5fa9af30bb912dfc5da56d821fde3342fb570cbb6659370fc88e73f29c7a579f92de109f7716bf066588945e25d24b4e8fee563eb6f81fa3ff68ea76d676ce4168d5de52b950a003cf7033ebdcd7d79f0846956bab243637449b458a44927b70a4c8c06fc00c72a1b38e848e480781f217c12d54c77e2ce281cc72dac69238970721813d07424743d3039afaa7c112de0d56d4df5d3111b204936852a85ba74e7a815f85f13ce74f1a9b5e86d070d5a57d4fb47e07da88fc310dfb40b0bdc33b143ea18e0e074ff00ebd43f181d618aedcb1c0b56c8c7a0fe54df81b7b35d783a291d4aed6748c9fbc402319aa7f1ef537d2f40d42eca36efb1feec0ef9ce3f981538e9258383be895ff03dea11fdd367e737c67ccdf13f5b691a38d9e743260e082635f6ee00e6be7df8e97cb6b623cbcb37d9d82a9ee39f973838fad7bffc4f6965f196aba8931859363aab8ea768e3f435f3cfed15a89d4eded74c4b0862fb3d9b2492471b079ff7af26e7c923233b4600e17b9e6be8b84a3cf568a7d97e48f91ab51ca72945eb776f9b3e3dd7945cfc440261bcc65cb15181dffa9c57d78be1b3e22f095a69375691dd09a28d55a69096578e220618b6790e00c8e48e318c1f9174eb57d4be2b5be9d0b87375769133639da655c9f4e80d7dcfe1c479749b6b0b8b001f29716d2e097195200041c153907a6415e08e73fac71ae22586861795ea937f91ebd2c54e95282ead6ace6be147ecfeefe21b1b98d59d92fa095e447c36d46cfcacbc82149c6dc127a72171f6add789bc67e1ef14ff00c233e1cf8e9e25d57c3b6565234f7ba76b173a5add3dbacc6390c7e7f9b3e4dc6e54764327931a654a823cc3e1069338b90619158a0688741e66e38e87ef1c9e063a918e82be86f0e689a67897c1eda4dfc3676d3d8b4b235c269ae6eee9e57036bc87702a8b1e7184fbddce587e339a713632be29c5b4da5757fcbeed4ebc366559d36a2ffaff0082733e23f14fc56f1ef84adbc2dae7c70f13ea9a5ea37163697d16a9abdcc17f2459791d94c570608a2c7046f8e42f228cc9b004fcc0fdbdbc7edf127f6acf135d41059a5b68b145a75943a644d1c28a9199652aaff30ccf2ccc73d338e8057e94fc6ad4bc1967a7492f8567b9b3babebb9123b0277986dd1c2ab6e545cee073c7cd94624f20d7e46f8f75e9bc63f10fc4fe3588ac71ea3ae5edcc6a1cb154699ca2e4f2405e39e78afb9f0d2bd7c7e32bd79db9631b2b6d7935afdd1b7de7263b1d57191f632775a3febf3fb8f49fd992dda182d5049b9ca295455e0f271edce47e67d2bee2f829a6b5fdba5e29661026649b3925554330c647cdc6dc77e3d6be28fd996ce5bd0261750c06dad44bb657c799b597e4006724ee2d823a29f4afb77e114a74ef0e95b46b72cd3f97785cc728c2bab71d411b941c8072075c1af2bc469df112f539e0a0a4aceeb5fccf42f105e432e932db186560f128daa76f9630339e3a6706be2cff0082b0fc52d0b57f839e03f83fe1af8630e84346f13dd5feb5aa1d5daf2e35bbf9a2689ae1b72a882310dbc01205c85cb6492735f5feaf7b0b69f39958992355681d5461c6ec10493c7518eb9c57e7ff00fc14cfc43fdafe20d02111edff004eba603fdc54c7a74df8ff0022bc8f0ae8c9f12d24969abfba2d9e8c719f57a13a6bed687cf1a4ca8b116605be4fe1accf13329b4802633b18e7771f4ad2d3d4c166495e89dcf73db9ac9f16baf9504608cf9677923dfa57f4e5049e27faec781858c562effd6c4fe13d03509d2db506bb8238e6dd3431cd205f382b94383d376548da71f8e457b7fc04d27c49acebb0cba5e90efe42c933b4792658a364332e071889332bf758c339c28cd7937c27f11490e9e9e18d4b4ab4d5ec1ee24962b1be570b04dc0df1c91b2bc6c40ec4a9e372b6063e8af873e39f817a6783351d0bc4be0bf18687fda5120b888dbda6b36570e844b1ecdff65780f41b8798db6475395720fcff001156ac94a9ca9b92f2b6d7ed7bb76f26bcf5d3d2c76550c75256924bd52d7e7a7f5b747c87868dbc774fa924bb8c9e63b83d89627dfeb9aebfe1dcd6875292424c6f212d9e7e5200fa7f915c8f84adc0b0133ef0c50178e37c641c6e00e08071ec7afb577bf0d34cb29eecb5aa12ab28da9275c7a718e739e95f299a4e31a73bfa1f1743daaf8525ea7bc78034f824d3ec648a362fb18c87a6e607b7e03dcd7d41fb2ef8726d427b98ee2031bb46c62959fe42a038dc32a739652bc639ebd38f02f84de176874f3aa108ff0065054db924329276ff009fff005d7d15fb3a6a3ae585d5b69faadf9920b58dd112ea360b1ab3162a98c9505d8b639e589ee6bf0bcd7134a58c4a4f4e65f8bfebf42b074d7d66effe01ea3a05de936778d25dde4b7704573b647914a9c6391ce475f4cd7c85ff0005a1d453c21fb11f88743b6bb864fed8d6748b5dd0dc09032b5ca5ce3238ce21191fc24104020e3eb78268e5d2a596ee35f3a59b72c81be5c73901781ce41cf5f97dcd7c19ff0005cad763b6fd9c742f0eff006a665bdf1fdaff00a385c111c365745f9e9f79a33ff021e95cdc11096278d72fa7656556325dd59f379bda27d0d1494e0fcd1f9bbe05b56b89e12ccbc49b8ee38e057bd7c19b5b98f5bb5bb8b2163994a6d90020803918e7d0d7806833dee8d3dbc9736efe5c89be2dea46f19ec4f5e86be85f80be2fd16df57b1b9bab68a78619b135a6f28c03295ea982393c1f5ea08c8afea3e2955561a528abab33caceb0d3f6d19cb45a7e7b9fa15fb244765259c33dc26e9d2341148a76003705624ff10c11ea7935f6078124dfe1b69d5991550ba965c038f61cfafe75f237ecbf77630b5b69f65a57db4b209ad6746fdda82bd01c61ba91d7afae063ebbd1e2d557c1734105bb3093748541dcc8be5939e39e067f2afe50cc294a78aa934b6e6e8fe5fd6a74e05b54629ee7e6cffc16dbc4b00f8032da90126bbf10d9c436b70543348ca07a74ff00be6bf363e1bd91b8984e40dac40209ebce4e3fcf6afbe7fe0b97ac4367f0bfc3ba0ed066bcf14f99317ea16281c2ff00335f0e7c27d3d1e08c884b96c10011c1ec3935fd07e1453585f0de9cbf9a737f92fd088de196546f7737fa1ee5f04b4779f5d4319cbf988a9105ea4b01c0ee719afb63e04787d89c88e35f94b95f33a003af3fc873f957ca7fb3df86259f52404056563bdf7600239f4fa74f5afb3fe09e90cfa7c488570fd7e6e49dc3b9f61d6bf3cf10b1b7938a67999253954a8dbeaff23d6b42b111b593cd0b3c52ce2392147c92a719c8fa71e9cfbd7c2be2d797c4ff00b55f8c7c41612c4adfdb325aa007388ed7cb846d240071e5f00fa1039ce7eeebb54d3ac9a72a336d06f95b760040373163c000019fc0d7c01fb3ddc1d7f58b8f12b2333eab7f71a83167ddb25965672304608c1f5c641eb8cd7c9704270c3e3312becc547ff026dffed87d2e3bdd508ad35ff23ea2f851a2c36fa1c378d1ca255c9930e01e47031db191fe79af92bfe0b35f103ec3e09f07fc32b7f91751d49ef67e31f2c4a3729f4c17b73d39e0d7db3f0cf457974a12cabb6382237173e6ca15a55c8501464166f981c283f2e5ba026be04fdb0fe23b685fb60f863f691f13785ec7c41a4f8275347d0fc39aced7875ad723297a61b8873b8d8db23e9d14fd3ce545890a999e487e9bc34c1fd7f8d96265aaa2a53b77766a36ff00b79fcbf13d68d1a7ece16d15aefe5adfefb1f547fc1367f64ff801ff0004dafd9fb4aff829c7edf0f0deebda8c32c7f097e1df9245e477b1b9533ac722fef2ef7001188f2ad54999999cc5b7c77e2bfc6ef885fb51fc4ed5fe397c509e18f51d61a316d6167cdb69d651aedb7b4801fbb1c71e179f999b73b12ecc4f817c41f8fbf1d3f6b3f8a11fc55f8f5e37bdf10eae614b6b4f35563b6b0b553f2db5a411858ad605cfcb1c6aab9cb1c9258fb1781340b98b44491ad84a5d4671b576e3239e9cd7e8dc46ea527ed6bcd3a927d364bf9579776f7678b98e630c45b09868b54e3af9c9ff0033fd3b23abf8bd690e9bf1117175e737da9d99f66d032a84afb91d33fec9af4b81a093c256acbe71cc4002092587073c9c64579efc7eb583fe1325fb39505ee41dee4819e7af04918c76fc2bd2a24b63e16b6b5b430dcc76f6f2209e384af9a9bd8ab9cf3920f7c10028ed5f95e3a4a5976166cca54b93193a69f4fc0f92ff0069fb39259e4610aa111e59806e572790703dbf3fa0ae07c0a65b8d1ac2e12df7144008c1c704f73dba1af52fda9f4a7b0ba96092d1d6445749e36255e100f20fa1f6f6af2af03df4b17866de20d16d663f2e5b380e703a73c8fd2bf5cc9e5ed32185bbafc99c9cbec5ce9a6b469fcffadcd7f105ca6ffb564623c1754c32b329e7be7b7f3af7af075e583787b48d434f982c2acca222e1b9d88c1b1d71f31ebe9c1ed5e09aecc915b8d3e0756856df048c80c43923a8cf52ddbbd7a67c2fd485c786631149e5aaedc8461efb57f22067dabcdcee87b5c141f67f9ab1d71ad0f79bb3d2ff003ebfd7ccfaf7e086a56d369b651b5a97664560f83f2105816ebc741dff0084d7d33f0daeccda1994c6572dfbb28f803d00eb81f2fe55f21fc06d6613a15bb83cc91ba343c7ca0107d467afe47e95f5b7c32b9171a29b68608c2958c607c81b8ea40ef8c93fef735fcdfc4d43d9e2e6bcd9f69c313f6b52cdf429f8aa4b6b0f1d78775ad4a554b6b4f13d8dcdcb641fdd25ca337d0e173f857e01fed23a2dc7867e37f8b3c3f729b66b4f11de24b191cab099bfad7eeffc778ee65f09ead1c12726d252142fddf90fcc3dc1c7b57e30ff00c14fb446f0c7edf3f16b46566751e34bc789dd87ce8ce4861ed8e98ed8afd8be8f556d88c4d2feedfee6bfcceee22a7175212ecdfe2bfe01d0fecdb1db4d69e1132c8851ac2e2299a3639551773e474ea339c7d2bb0d7a59af3c277d74b6e779d32309200543af9af8c7af523f0af36fd9cf5351e1cd2658c00105f8604f43956faff1135dea5fc373e179a2328736ba2611636e302697f3edf957e9999d371cd6727fccff00f4a91e965ae32c1d35eabf4b8cb5371168ba3a031a07d1943923aed51c7d723f3aea7cf3ff0008e4f12a03987e550d9f289383f9d725692cb75e1ad12e546c66b3611e38c8dcdd33fe735d606b74d29bed02147752cd18c145eb81f78f3c7739e057898b566bbf33fcd9f90675cf4b38ab2ecd9f3a7c7716f34f7b24fc6193c98ffbc0e72c3d8600fc6bd3be0bfc32f1dfc42f813e1fd6bc1d0e96d2b59dcdb4716a9abc3a7c60c170fb9924ba78e366213b39c6e6ca8256bce7e3cc08c2e2511f0e4927181c77c8ebfa63de97e0ff008746a1e04d734b28e92e93e211148f1b1042c9130c71db742c7fcf3f6f5e1ed322a5252e5e5927aabadb96d6baead753dbc99d0ad8492a8ae9ebfd6fb1f51fc27f81ff00b4a68d6d712eb3e14d1ecad2cb4f9ee6dee1bc5ba6c904f32c6c6284917006259b626f0df2a976e42e0e47c5bf02f8ff005e8e7f127c4df8a3f09fc35671fcd3dbdbf8eb4dbb9d17000cda5a5ccf70dd7a0889e79af24f0ffc2ad2751d45a41225d3bc30c4d3cb1956398d49e09392bca139fe1ce7915d3ebdf077c33a75bf9c5a050b16f68847c31240c1f5c73cfb57ca4a9606863d549c973beb1834fa7f34a5f90abc32c54dca9c5bb79ad7ff00255f81e65f1674cf81da2f83efad7c37e31d43c57acc92c0b69a85a69d25969f683cd56670d70a93cecd182810c3105dfbb736d0b5cd5a4908f09ac733b71136d24f418240fe7577e2158e8b16a82c4dc0b7b779e312bac6484512282d8eb80b93ebd299e3d4d334cbebbb3f0ddbcd3e99e6cab637272dba1c9da7270718ef8afbbc3b4e8d385e4eeef77f2d364be497764d184ab414a925ca9dacafb3d7adddbb98df052e8c5f108c6a14f99653040ebdc1523f1e2be82d26d1e0b6b2b82e8cd2dc6d4c1c6dc8c76f5cd7cddf0daee1b4f883633ca9b1017494a805b69460700f1e9d6be865d52dce8d6f75148c248a68cae7f84617e61dfa927f1af338a2949e2e16ea97ea755774e10bcd6c75d7377a7e85aadadeeade79b6b3b949654d3ee445390b9384930de5927186da48ea05793eac204d6b4c768638d7fb44b01fdd0c570a3be001eb5e837d30d46d1eeeeaf3cc907f06ded9239ed9e07e06b84f17451c5abe9c77f23508b73281d0e7bff9cd7cfe551e4938bdf5fc9ff99e7d79ae653695bfccfa7be0cee49e0701480aa4367ef7a015f5d7c35bf92ead48bccc9129400852767cc0f1e84807f2e6be42f84e0c3636b0c2e004d9b5971c0c7ffaebeb8f84315d6a1a0476c9196115c2b312012c4f419e87ff00af5f89f13c5bc65d6af535c2ad39bfad91f63fc12b46b2d0636f398799317019b801b071fad54fda6983787e68a34f99ed548e8470c0f39e0f4e957be1b5ddaddf872dee52445e8d2152465b039acff8dd14977a6379b12926dc8ceecf1919c7e19ae2ccdc6383708f63ea30ca5ec59f9c9f18e58ecfc5da92b1019b685603a7cbc01f9d7cc5f1fb568e07babd1347882dbfd59cfef32c14a8c0eb86279eca7be01fa87e3e5bdbc1e27d4259ce64f2e3f25318e368e7f9d7c7dfb455dcad67a8cf62bba3b780bcc4ff000a165407fefa65fcebecf8129c6bce8bf25f923e0b1729aaed477bb3c2be075bc9ae7c6db47609b61632376da00273f98afb87c0b179c91347e58d8a08dea0630b8c038f6e9ebef5f19fec976cbaafc56d42fe48c136da616f30ae4ae5829c73dc1fd2bed6f872d6d73716d1dd105004f302c78da31ea3fcf15f71e2255b62d43f960bfccf5f11fbba519797e27b57c3cd1623a5d9bcd12a4a6795ae59a524b27971940147dde779ce73f373f7467e8bb09754f1c7c3ed435ff106a9e7eabfda32dcbea97ceaa676758f7991d5773b170987762159d88c1666af04f87706950df49693cf3341e4bb24b1c6a58bf95f229e9c6e0a08ec09201e95e95e1bbe8f48b437377631dc98ade568219394320e46e5fe21f28c8ef5fcf98ac5a8629f3aba926adb7a3ebb0b0751538596dd7e5fd68789fed2dad37873c1dac6b36570c971a5e937534b74928db1aac4492acbdc7cf820fd391c7e53e99398f4b9229e2cbf9446ec8e3b7f3afd2aff008283f886eb4cfd9e3c45ae432b243368eda5c4c67561299dd11b681ca80255cffb5bbdc0fcda82389b4d62432b8c0200c0c1e39ee6bf79f0970ea9e4556a5be29a5ff80abffedc7352e59d4959df55f97fc13deff65e39bcb55d444ad1adb4ab1b06daa3383c9e38ce33ce71c81ebf6bfc1d9dadb4b8e2f3adfcb92dee62903ae4b964014af38f94f2080082dd4f007c43fb3a321bcb1b1baff55c297c004ae7a8e79c01d3f0afb67e184571a4f87a31a8daec9034b1b1574660380571f4279f5c57cc7885a629b5bbff00827465f28cb5dedd7faf33a9f14dce9169a72dcd86a1732ca2d8fdbd6e2d55121765c6d421d8be393b885190300d7e6f7fc14035292efe2368f02b6479375202d8dc59bca56fc3286bf41f5721b4cbadc02f9cbb7732fcac7238e08c70c4fe1ef5f9d3fb74ea96f79f18acecfc9def6fa3feed95b6aae67907ddeb9f97f535af853497f6f7325b45fe56fd4e8ad6ab52325a257fcadfa9e590b086d705b031c9c0c566f8d5f32c59c63ecea31b40ce3ffac055d8dcf91e548461718078e3d6b37c70d1b4c215eaa8a3774f5ffeb57f4361e3fed08c30914aab5225f0a4ef6ab1fcaa0ef273818c7ffab15ecbe14d16ca4f0fddde07732358b4eac17f748a54228524649f9483db800138af1af05491477103bc60804b3c6e48dc33d335ee1e128e687c23a9c17773b563b554813248dc648b2bd4af42edc719048af178824e0d5bab5f9a3cfce2aba54dd9f7f969a17742592db4a9a4810152bb4b63a631fa57a37c28b11158457304b1fde0778c70df43f5af3ad326913427859536b380c18fcc7fcf35ea3f08ec61b7b38bed71a98ee0803731fdd8c8f9860fb1ebc75e338af81cea7cb8695fbfde7cee1e751a496cd3f91f49fc0d4530b4043abcb731c5711e092e086f4fa1e7dbdebe92f0fe8763a0e9d2410de1324ad0bc51bbed21b70e08eb9ce335f29fc3bd4b52b0d7adaf23972a6452278bab282383e981822be9bf03f89e6d7ae64be9ad77cf336f9272d9c64e4b6dcf7fd2bf03cfed46b4a725772dbcb4b7dfd8e9cb654e7a6ccf44d32df7785ee2491114a6093c02013f2819c75fe95f9a7ff05d1f1396b3f87de10d91e2e753d52fdf2a19879696f12fcde9fbc6cf6381e95fa6169248fa23a5c3993cd3bc230003119209c9e7af5afc9aff0082d9ebeda97c71f05e8248d96be17b8b9200c13e75e32ff2b715edf8574635f8fb0725b42351bffc02697e68fa4a092a91bbfeac7cd1f063e37fc50f82f777ff00f089b596a9a25d3249abf85f5bb35bbd3af1548557920932a7e6931c7ae483815f68fc02f88bff0004a3fda234db3d13e3e7c32d5fe11789666067f11787f559d74edc380d864bb4c9247c863b18473fbe4039f83fc33662e2eb0e4160e4267d07afa57d03f07be1b68faf4b169b7761b659d811e6a83847036927f881ce7d3915fd1dc4d0c0538bad2e684baca0ecdfaad54bd5a6fa1d388ce69d14b0f5e119c7a292bdbd1e8d7c99fad1f007f629b9f06e8f63e2ff00d8a7f6ecbd9f498d08fb378a3e1bc5e22d2ae9893f32df587f68dbaa15254ec901565c8c1271ec71fc2eff0082926a3a2de7852db5bfd9f7c45662d1f6df685a9cd65730b32055693cc7468be675257cb1f7594609527f39fc35fb0b78c344beb1f137c14d7b52d26eeca22897da06b0f69745b1bb2b24255c2e3a80dd4678e95d878d35eff82aaf83fc39776fa47ed8ff001704512a0c0f1d6a0ec8b1a600467989c74cf3963c9c9e6bf199e372bc62f673c4a5196dcd069efd5b934fcf43d6a32c92aef1704ba2d57e37fc91f3e7fc1743f638fdb1fe0068be09f881fb46f86b44874bd77c4377656ba8e8fad9bb8a49d50ba05dcec42320908192cbb0ef09bd01f95fe1b692f6367023da207588a921836e62d904fa707f4acffdb3fe2d7ed01f14be3fff00657ed0bf18bc53e33d4f43863821bbf156b9717d2da868e32c89e73b6cced42d8c6e23272726ba1f85f652de1b68216ca951f3b2f3bb1cfe5cfe15fb3e1f050ca38570d8784938f2f35d689a96abf067cbe7f1c3d1c2c21864f95eaafbbbedb1f4cfc00d21e5813ec6124b8917263c12071df1d474c019e8738c73f65fc0ed165b5b2b5b5bc56691adc0925030318c91b47ddc67ebc57cd1f02bec7a8cfa6cb61e1cb5d34c1616f6ef0d83ca7cf9638c2c970c6491c8791c176030a0b1555450147d81f0523d3ed20b98dcf97fe8acb1ed5e770c70ddb19cfe2bdb35fcd5c6d88f6d8c74dbb2bee6191d28df993f2fd4a1fb4b5fbf86ff00672f1e789ad8c8d247e1bbd8e00bd9da0648ff00f1e20e3dabe35fd9abc2fa5da496375a82978155073113b33b4638c9c805b81f4afaa7f6e2d7ac2dbf66ed5746bbd47ec9fdb325b410cbd4ee37513300b821cb247228cf037ee3c29af05f819a64d0693ff20d0009159448a51976e5b247033db1ff00d6351c372fab70ad6a9d6736be492fd5b3bf31b56cc6952d3457f9dfaf91eeb2f887c3fe0bf045e6a97faa4ea24f3218668602fe62f9798f68665392477e83079c60fe3afc4cd49fc6bfb4af8cb5eb9003bf88ae2dc10e1b889cc4a372e437ca8391c7a57e9efed69f10e7f087c1dbcf140863b93fd8d73792c16f74a16d841f711d01c8388d000dd9b38e8d5f947f0b6c636027646cb16676278c1c0cfd7273ef5fabf84197fd5f078dc7c959cad05e9ab7f923ab1759b9d5517a46292f9ddb7f7256b799ee9f09f4cb4f2ad5a38c06326d0db43727393f874cd7d53f0d3e1ceb7a8f8322d5bc3d6897b135d49035bdb4bbe78762a30791339556f330add18a381ca9af9e3e10586a32451dd41685f603249ba2c81f3001b8e9c90b918fbc477afa3bc11611cba491a82a4722b905275395392318232318e86b9b8bb12dd47af53e668555f5a9271df55e9a75337f693b6783c651493928aec0b1240e7e5ec7f13ffebaf48f041379e1786f23b758e310aa9862dc7eea805b27e6393938ed9e302b90fda72da1b9d703a93913b6e01b271d718ff3d2badf87cc3fe110b40f264cb1f03a92071eff00fd7c7d2be0715539f22c3bea8f5ea6154338a92bee933e6dfda9a5964965f31cbab994b3952096ee4e7a827fcf35e3be0c8d6e7c39042b8df6ee7385e40dc7afd39af6dfda8c218e50e080379f97b703b9faf15e3df096ca3d6ec62d263d52d2de5c3971a84be5ab104909bc8daa4f6dc5572305b2457eb9904bfe1022d746bf53cd8d0e66d5ef76f4fd3f543bc44d0c2a228617dc55bcc9563c60104761e9dffc2bbaf839a940de1f95b78dd1cb1973b73851d3a9c73dfebd38c57193a3cd74204752ee30b117eb9e303d7b74aec7e106a904966da449643cdb0b56f3a453f2c84cccc1b07a10ac1703fb80f5cd6b992e6cbdab5ecd1b470f2f7669d96bf93fd19f47fecf5e238a0b18a0b7872eb3305762199b9dde9c74c60e7a7e03eb2f82fe2db7bdb0b8b63318dc6d21241c83f74f3d4723ff00ad5f0c7c24d5c69faa4c2d62520b96288dca8c1273d3803a8afa67e0e78b1e18a3b59652aef1289924565207518cfb1cf1c735f8271965adce7522b7fd4f5f86f32587c428a7b68ff43d67e268fb459cb1cd779cc243213c9e9ffd626bf1ebfe0ae765243fb696b1ac4abf36b7e1ad0b55942a9fbf71a65bcaf9cf392cc4fe35fac5e3cf1d69e2d0c1b276966474670c36a298d5d707839c96c9c0ed5f94dff0567b95d53e3ae8be231321927f0adb5a4d1a1c88cda0fb2a06c7f114891bfe043ea7ebbc088cf0dc43384bedc1dbf07fa1f599be2a8e254229dddff4671dfb2c4ab7da3d9d9b47b9a3bfbb538fee94b73cfa0eb5dcf8475086e6c7510d8659fc3f3ac5dce52763cfd43afb715e61fb2ceb2608f55cca53ec96f3ce8f93f27ee7b7a72a07d6ba4f879ae95d66d6c2e0aa2cf677706c079cf97bc29fa941d2bf71cd70d2798621f6b3ff00d299ec65d2847090bbfeaf63b1f0bde18bc0fa14833b15278e423ae1666f5ff3f4ae9f4f8a27b27489242850f9aa4280013d873ce39ce7a9c73d6b87f0430bbf879a55cab1fdd5f5dc5248a3207ef18e3f1c8fd6baff000fbc9f680720b05f33e453938c11e9fe457cc63e9f2d49dba4a5ff00a533f1fe275ff0b738dfdd3c7bf688b3486f1d14b3a953f330fe200647d3afff005ba549f08e4167e22f887a1afcf14b756d711e076134b838e7b49fae3bd5afda1a1df7064850aac9b8e1c6092077e719ebff00ebac2f005e22fc60f13f9775e6fda74112798a4905c9b6724e339c12d9fa7e15f5b875edb20e57daff0074e0cf5326b3c04d2dad6fc1fe87aef81addbedb2cd75804aa828140e48c03d3a707f3aee75cd1a71a44b3b31595632b90724360e7193d323a67a5711e0abcb74665932df22967da78207d3a77af4cbbb8824d062323b169107fab5cedc0031eff00fd6afcff00339d4862a2d21d18e1e5cd1be8b53e57f8af693477d2dbcc1b0a0af4c6ec0eb9fad711303aa6916d7334ccde52e1416e0004ff00857a5fc67cb2ddccf10dea6503000e08cf27f5af35d0374be0d813e560aae595c73f78fe7ffd7afd4b2a9b78084fb35f9334cb21ece12845ec54f87f3c7078e2c5e5ced6bb8c3646460b007f4afa034c8ade7b7bdb7479dd220ae840da0c99e49ec0fb7b67bd7cede1cf2a3f10dbdc2fcdb1d59c1f4041c751e95f41784b569edaf66f3504dfbb565324436be39f99718edd2b9b8960dca325dbf268e9c4428d49f24baff91d4d8a417364e1a462db792c3af53cf23f4ae23c55b9b5cb178ad9c2b5dc6dd78c86e38fcba0ed5da44dbe091d71b1a3c221fef107dbe9f95721e28632ea76cf2a8263b8457546c1e587af3dabe5701755d9e1d7a74d4b95b7647d23f06afa569adada58f2ad10c9c72182ff00f58f1ef5f5c7c24d49ec7489adec6e5a2b9db1ac20fcc0e4007200ca900f51debe43f825e72ea764a403b766e75e8015c7e55f55fc17d46f6d6e64d5a055970b14663237205c8e7f323bf5afc5b8a5fb3c673276ff0083a7e47a980a6e148fb4fe1d2ca963059988a64a3492019ce5013f866adfc682d0e8b35e24a02c76440ff6b80718fc2aa7c3fbf4b9b7b60f1f9463b784ed51d015181f962af7c61559b42101242f924373c9e3a7b7ff005eb87325150715d8fa7a0daa1e47e68fed30de4f8aef27053fe3da26208c6013ff00d6af8cbf690d76dad3c35aa0dc8926a085760425993cc56ce7a705147e3d3bd7da5fb51dae9ebae5e14bccdd9d84c657e50a0b0c93ebc1fd2be00fda77567680d9c6e83ca8c465381fc65b3c75ea3f0afd03c33a2abfb1f2b7f5f79f158987fb769d7fcffc86fec2d198af3c557ff638e5fb4430da24d2292613bfcc664e47cd850b9391b5db8e723ebdf853a3c5797c6da70c8acf818971b72338c9fa1af983f621d1841f0f2fb539909fb46b9215603a058d141f6f981afadfe1addcd25d4e27f3379457f37cce4945c0393e83f435e8f8818973cd311cbd2cbee491d59835177bff005b7e88f61f86f15bc97a09ba016490c4f11e25880084be48c0dd92073fc2735db6ada87d9b4a36d01924507e54773b7ef77c63a8f4c1f7ae3be13c76ad6f3dd4ac3091995f73e37027e520e79e4f207a5763e2c860d22144ba581e04903b969595b680772019e14f404ae7df9c57e098e5cd8db7631a56f6178b3e45ff0082a66bad65fb3968fa1aea2c1f50d563592db3c00ce663d87fcf0538edb80e715f095a44926949898abbcf1a1f63918fe5d6bea4ff0082aff88ad7fb57c2fe15b59387b8b8b89119f3831451267db2653803debe5cd3712592db2c8119e5fbc013b8805b1c0f6ebd38e4d7f50787585faaf075197f3ca53fbe56fd0ac2420a3ccde8effe5fa1eebf03ad9ad2eec6eed55a37f2be592338c3120fcb8e770247d2bec1f01ff6c36956b69158b3cf2bbc8ab8fbcbd58fd00539ff0074f4c57c83f0401bcfb2b89015c86081b197cf200fa6067af4f4afb03e15defd823875269a464fb1c90451c7bb23cc8a4888f52d9704fa8cd7c071d6b88d7bb0c0c52c472b764edf9ea5cf196a5069fa034ea19e41906223014608dc4e73cfcde98c57e72fedaf7315dfc7d741088fc8d22d95803900b1924c0f4e1c71ec2bf407e245e4b1e9729d2e565c33334448663861f2938e71c0f7e9ed5f9bdfb5a6b7f6efda17c413dd4a17eced6d6df31cf31dbc43f100838fc2bd8f09b0cde67527fdc7f9c57ea7a90b394add1239a8bcaf2d463efbe460f5e3a56578c5a417cce0670aab8fa28a98ead66c91117a0b3c8000339cfd2aa78a6e55af983e14b75c1f6afdda853946b2baee73e1e938e22efb3fcd1a3e0b42d731f94fb309b8123713d7d7eb5ed1a3dec8be1b9ed658d0c7f6951125b20d880b02707a9e077cf00578e78212249d1d65fba9939f535ec3a249f69f0e5bdacf7510fde3481b69278573b38ec588f6cfa735f3d9f59d45ea7839f7bb2f23412246b18e3dcc59e5c3e71c0edf5e0d7b0fc2f8278ede18ade2691d64655c0ce7dc75f5af2496d2658ed102b601c170b8206ee95ed5f0accb3202d105c8dc8471853d0807a9f7afcf33e9db07a799e4518ae68a4eda3fd0f6cf8796962d6cf0cb1b06ddf2b28e0700e0f3d31e9d6be82f8442dd228e185183ba0f3247e9c1c019edf4af04f0eaa0b6b6682dd10bbe7e473c718fd48cd7d09f0a9d6458a384b1d8836a6e07d4f1fad7e01c4327269f767665697d61a5d3cbb9e9b3c535a69d1c7133045ce180e18639c7a8ff00eb57e3affc160f569756fdb1e6b02841d2fc2d61037cbb402cf3cdc00063fd68afd81d5ae1dec5a3b5b779642a16341192779ce3bf7200c639afc66ff82a16ae754fdb9fe234c24568ace7d3ec957fba61d3ad519473d9f77ebeb5f71e0cd18cf8bea548ed0a32b7ab9423f9367d268e48f10f025b99f508e28d19a595f6aaaf1b89e9fad7d91fb3ef89bc47f113c47a66a7e26b68e2fb0e97a768e86d2df69482d2d62b488e0b1dcc638be6208dcccc78ce2be45f86d6d1b0b9ba665478ad95a0667c6499635e3d4ed6271f8f6afb27f64cd3e40f1ab33806f227f3718dc00e40e7dabf61e3eafecf2fa9fd7f5b9f3d98d4e4c6c63e7fe67dcdf05ad6eed442f67792a2ba80015e7613b7729cfd473e957be39ebb7f75e1d7b3bb959a42ac622542919e091d3f3f7ab1f036d9207769ad8314b4247967e56e73c7a7ff005eb2ff00681bd82d345967b84c2c56d1b311c1652c4f2477ebf857f2dcdca4e166f596df347b74e528d272db467e237c7a98eb3fb57f8c6ecca5847e22b8846d50788dca103b7f0e07d2bd57e1469a6e27b6486052776d2a3e52b8c72481c7a578aadd9f127c55d63c42ae717b7f2dc0f33e63fbc766fc7af5afa1fe0bdac30cf0cc002aeab98ca0e801ee791cff002afec1cf9bc26554a9758422bee8a479d9ed4a74d53849e91515ff0004fadbe07693a70b2b21a61f2ae8b60ac8bd0124e47be6bea6f86ba41d2b4c92e1267288c4cb22f05a4c649c9ea7fa715f3efc1eb3f361b106c962fb3d9c51c8f0ae3761465f9eec4e7f135f48f84ed8da785127b88e6cdc093cbda70abb768dc41e4f718047af38c1fe47e27ad2ab8c96ba6a7a193a8b8a3c17f6f73e23b98fc216361a447a9da7f6b5ccb7d147aa450dc398936811248c4cc73249928adb4007f886e4f85da2cda9450dacbfb3ff008ed6f1c82d05b78566982a6c043655b27e6e3a74f4af3ffdb9bc6df1cbc3dfb49e9b67f0b7e23f893c3701f0a5b1beb3d3f5778adefbccb9b865f3e1388e65f2c47859119483e846343c37f1ebf698f0ff008750dbea5e11fb441b5a1b88fe18f87d8c6c005dc17ec014361572db77361493c0c7d9e1329c3ae1ac2425349c937bc93f7a4dabdae9e8d743db587c0ceb4aa546efa74bad17dfe6739ff0529d17e207827f651f18f8f356d0a7f09696d35a689611f88a13657bae5d4ed22b456f6d20f32555b713c8d21011541c12c457e717c2eb58659ffb3d64ff0048e8b1328f94fa67dc1cfd6bd4bfe0a33f1a3e247c4bf897a7783be21f8e2eb5a7f0e698ab0a4ab14505a49705649521820448a042ab19d88aa0124e324e797f861a3e9c3c4b6f6d6d769388dd14c90e7126e3c901941014704e3f8722bf78e15cb29641c2118ad5d4bcefe564a3abdeeacfa6fb58d1d2cb69d19464f47df777ff002e9fe6cfa3be0b699e0f9bc04d1df5dea275bb7bd02eece1d147976d00748fccfb609b299768d4031302ce391c6ff5af0dcb25b69e16e2477c1daafe701bb1df18ebc8e6bcdbe10e9ba043e019fccbe9935ab8bdb60912b958dad079f238703a9f392cd806eeb9f71eb9e13d4744d3ad5e1f11786ef2f810a60169a8c56fe58e739dd13eec8dbd31d0fad7e5fc415154c434bb9f174a10fac2e6924ad6bd9bfbd2bfe5fa96bf681b6824d6a70f1838b6b971fef2c12303f9a8fcab4fe1f00be0bd26503e62b8268a2be3a7ff00224a3ebfa33d8c525f5efbff0034781fed4a8a6d2f78fb90c8548ea0e473fad785fc37455b71001f2991f20f7ea68a2bf5fe1c7ff18f7f5d8f02a36ab2b775fa9afa97ef10060399d93e518e06001c5743f02d41f13ea76adcc6d6b3a953cf0a723f2c514576637fe45b53d3f53d396b463fe27fa1e9ff000dcb5c6a534333b32864c0ddfeda8fc7835f48fc2d9a5171126fc85fba1b9c709eb4515f90f16f55e5fa23872ed2ac5aee743e239e492294b11f298d47ca3a1c839f5e38e6bf2fff00e0a04ef71e25b7bc99cb4a67933213c9caa934515eff0083c92cf57a7e87b959bfed2c3af397e4ce03e034b243e17f194b139564d29b630ea3a7f89aeba051069b6d750e52459a22aea70412501fd09fce8a2bf6fccbfe46153fc51ffd2627e8f96a4f05f2ff0033a4f85eeebf0c62456207f6d5d1c03dca8ff015e83e1095ae35210c889b23b36daab1aa8382304e07cc793c9c93f851457c666ffc4abeb2fccfc9b3a5ff00191d4f5fd11e7dfb535bc369782dede3da86357207ae00af34f86a05b7c5b0b0f01b465c83ce736b0b1ebefcd1457d4649af0f3bff0024bf43d0a09470f5ada69fa1ed1e0f665bc8c06387b6cb02739e6bd32fa6957451b5ba33638e9c51457c266a93c444f3b0fa2ab63e7ff8ad0c534d22c8b9050679f7c7f535e5be1a1b7c216e57a9b77e7f134515fa464eef977cd7e4cf472df87e71ff00d24ced0a346d419caf3b1f9fa0af71f0eb1373e51fba2df38f7c0a28a7c41b2f47fa1d95766fd0edf48b78aeb45796705992d8b29dc460e0d71daec51dbeb41625c08ef4ece738c2e451457c7605bfac4d7a9e0e36314a2d2d5dff0033e83f823239f1059a16255a10483cd7d6ff0008540b7318185629b80efca9fe74515f8c717ffbe2feba9e9654db8cefdd7e48fb1fc07712cb26e91f27c98474f6c7f4ad5f8b2a1b4d8f23ef42cc71ebcf34515e6661ad291f6586ff00767e87e66fed6c045adea0f18c1011411d719638fcebf3c7f697245a8707964058fa9dee3f9014515faa7851fc2a5f2fc8fcfa7ff23a5fe2fd4f53fd9259ff00e149689876ff005f7449dc793f6997afad7d29e0f82217d669b387525bdcec434515c5c65ff233c47f8ea7e6c9ccfedff8bff6e3e8ff008550c5a8f8735582ee256449600881768006e00718e809fccfad6ffc4d8e3336a2c5149fb65bc4323a21899881e9c9cd1457e2f88fe27ddffb71e8c92503f317fe0aa17334bf1f346b091f30c5a2dc346981804dc609fc422fe55e0d630c53e9b03cab92d74031cf51b47f89a28afeb0e10f77843056fe4fd59cb16fea70f9fe6cf7ef81288f1b6f8d4e2e768054700f1fd2bebaf09da5b41a0dbf93085dda5c72103a6e2c4671d8e28a2bf26e396feb5f3ff234c0afdffdff009943c7333d94d631da845569954af9608c17e4723a7f857e64fed09e2df12784fe3978a6efc3daccf6b2cda918e5911b25976a1c1273df9fc28a2bebfc21a74ea632ac66934e1adffc48f6b08dac469fd6c72d27c51f1f5f5ec1637be249a685e450f1cc88c0e7839c8a8bc42c5af6427fbe474a28afdbe5468d1a9154e2969d158eac449caa45b7dff4377c22c5570a7f854fe58c7f335ec1a493fd9f6ebe916fff0081151934515f259dfc68f8be21f8d2f347516d0c53ea9024d18601491b8679c8af71f840775dc3b8039001ca8e46d34515f97711ff00ba7c8e47fc687a9ec3a04691242b18c6d8095e7a1debfe26bdebe0c4315c0896640c198034515f87675af2dff9bf53a70497d67faf23d03c568b1590641cef1f31e4f18c726bf107f6f891ee3f6bff0089f3cec599fc7778ac4f700e07e807e54515fa3f82692e24c55bfe7daffd2e27b8bf89f2fd4e3be1c223ce237505415c023dcd7dcdfb25db40d143ba3079c807a0e0f4f4ea68a2bf40f129b58091f379a25fda50f5ff0023eeef8071ade5fadb5c6591e2c32e48cf03d3eb5c2fed7923c1e02d6e688ed78b453b180e9fb963fd051457f3ce1d2e4c3ffd7c5f9a3de493c0cbfc2cfc48f004114de217595323ecaadd7b88b3fcebe99f814c6ea2b892e02b14842a92a380001fca8a2bfab38c1fee5fa23e7f881bf6cbd3f43edff82ca6eeea3b7ba91e444842a2bc848501090073c007b74af7bb3775d3add55db1b49c6ef5623f901c51457f21e7adfd6a47d5e51ae153f5fccf933e3116befdab3c412dec8f2bc7fd9b0a3c8e4911ae9b6db5327f8464e074ad95ff00904de5c1505d5772b100e0818fe428a2bec6bffba61bfebdd3ff00d251e850dbe6cfcaff00da36f2e754fda13c5377a84cd2c8dafcaa5dfae142aa8fc00007d2bb3f80c887c47112a33f65b86e9dd6d9d81fc0f34515fd4b8c4970ed24b6f64bff004947979b36a943d0f7cf036ada96a572f7da85ec93cef7be73cd336e769199773127924e4f35edde1e9645b13f367121196e4e0741934515f86f1125ed92feba1f279536f193bff5b9ffd9);
INSERT INTO `users` (`user_id`, `user_name`, `first_name`, `last_name`, `e_mail`, `mobile`, `created_on`, `pass_word`, `extension`, `profile_picture`) VALUES
(2, 'burhan_123', 'burhan', 'kaydawala', NULL, NULL, '2022-09-15 02:46:14', '1', 'jpg', ''),
(3, 'fatema50', 'fatema', 'retiya', NULL, NULL, '2022-09-15 03:37:09', '1', 'jpg', ''),
(4, 'sidh_12', 'siddharth', 'shah', NULL, NULL, '2022-09-14 16:54:18', '123abc', 'jpg', ''),
(5, 'mariya_2', 'mariya', 'limdi', NULL, NULL, '2022-09-14 16:54:18', '1', 'jpg', ''),
(6, 'rakesh_3001', 'rakesh', 'shah', NULL, NULL, '2022-09-14 16:54:18', '1', 'jpg', ''),
(7, '7', '7', '7', NULL, NULL, '2022-11-28 15:05:35', '7', NULL, ''),
(8, '25', '2', '5', NULL, NULL, '2023-02-16 16:06:57', '25', NULL, ''),
(9, 'abcd1234', 'ab', 'cd', NULL, NULL, '2023-03-05 12:18:39', 'abcd1234', NULL, ''),
(10, 'murtaza', 'm', 'e', NULL, NULL, '2023-03-07 19:44:37', 'abcABC123', NULL, '');

--
-- Indexes for dumped tables
--

--
-- Indexes for table `calls_chats`
--
ALTER TABLE `calls_chats`
  ADD KEY `calls_chats_chats` (`chat_id`),
  ADD KEY `calls_chats_users` (`user_id`);

--
-- Indexes for table `calls_groups`
--
ALTER TABLE `calls_groups`
  ADD KEY `calls_groups_groups` (`group_id`),
  ADD KEY `calls_groups_users` (`user_id`);

--
-- Indexes for table `channels`
--
ALTER TABLE `channels`
  ADD PRIMARY KEY (`channel_id`),
  ADD UNIQUE KEY `channel_name` (`channel_name`),
  ADD KEY `channels_users` (`user_id`);

--
-- Indexes for table `channel_media`
--
ALTER TABLE `channel_media`
  ADD PRIMARY KEY (`channel_media_id`),
  ADD KEY `channel_media_channels` (`channel_id`),
  ADD KEY `channel_media_users` (`user_id`),
  ADD KEY `channel_media_media_types` (`media_type`);

--
-- Indexes for table `channel_members`
--
ALTER TABLE `channel_members`
  ADD PRIMARY KEY (`channel_id`,`user_id`),
  ADD KEY `channel_members_users` (`user_id`),
  ADD KEY `channel_members_member_types` (`member_type`);

--
-- Indexes for table `chats`
--
ALTER TABLE `chats`
  ADD PRIMARY KEY (`chat_id`),
  ADD UNIQUE KEY `user_id1` (`user_id1`,`user_id2`),
  ADD KEY `chats_users_2` (`user_id2`);

--
-- Indexes for table `chat_media`
--
ALTER TABLE `chat_media`
  ADD PRIMARY KEY (`chat_media_id`),
  ADD KEY `chat_media_chats` (`chat_id`),
  ADD KEY `chat_media_users` (`user_id`),
  ADD KEY `chat_media_media_types` (`media_type`);

--
-- Indexes for table `groups`
--
ALTER TABLE `groups`
  ADD PRIMARY KEY (`group_id`),
  ADD UNIQUE KEY `name` (`group_name`),
  ADD KEY `groups_users` (`user_id`);

--
-- Indexes for table `group_media`
--
ALTER TABLE `group_media`
  ADD PRIMARY KEY (`group_media_id`),
  ADD KEY `group_media_groups` (`group_id`),
  ADD KEY `group_media_users` (`user_id`),
  ADD KEY `group_media_media_types` (`media_type`);

--
-- Indexes for table `group_members`
--
ALTER TABLE `group_members`
  ADD PRIMARY KEY (`group_id`,`user_id`),
  ADD KEY `group_members_users` (`user_id`);

--
-- Indexes for table `media_types`
--
ALTER TABLE `media_types`
  ADD PRIMARY KEY (`media_type_id`),
  ADD UNIQUE KEY `type` (`type`);

--
-- Indexes for table `member_types`
--
ALTER TABLE `member_types`
  ADD PRIMARY KEY (`member_type_id`),
  ADD UNIQUE KEY `type` (`type`);

--
-- Indexes for table `users`
--
ALTER TABLE `users`
  ADD PRIMARY KEY (`user_id`),
  ADD UNIQUE KEY `user_name` (`user_name`);

--
-- AUTO_INCREMENT for dumped tables
--

--
-- AUTO_INCREMENT for table `channels`
--
ALTER TABLE `channels`
  MODIFY `channel_id` int(20) NOT NULL AUTO_INCREMENT, AUTO_INCREMENT=25;

--
-- AUTO_INCREMENT for table `channel_media`
--
ALTER TABLE `channel_media`
  MODIFY `channel_media_id` int(20) NOT NULL AUTO_INCREMENT, AUTO_INCREMENT=60;

--
-- AUTO_INCREMENT for table `chats`
--
ALTER TABLE `chats`
  MODIFY `chat_id` int(20) NOT NULL AUTO_INCREMENT, AUTO_INCREMENT=40;

--
-- AUTO_INCREMENT for table `chat_media`
--
ALTER TABLE `chat_media`
  MODIFY `chat_media_id` int(20) NOT NULL AUTO_INCREMENT, AUTO_INCREMENT=296;

--
-- AUTO_INCREMENT for table `groups`
--
ALTER TABLE `groups`
  MODIFY `group_id` int(20) NOT NULL AUTO_INCREMENT, AUTO_INCREMENT=52;

--
-- AUTO_INCREMENT for table `group_media`
--
ALTER TABLE `group_media`
  MODIFY `group_media_id` int(20) NOT NULL AUTO_INCREMENT, AUTO_INCREMENT=175;

--
-- AUTO_INCREMENT for table `media_types`
--
ALTER TABLE `media_types`
  MODIFY `media_type_id` int(5) NOT NULL AUTO_INCREMENT, AUTO_INCREMENT=9;

--
-- AUTO_INCREMENT for table `member_types`
--
ALTER TABLE `member_types`
  MODIFY `member_type_id` int(5) NOT NULL AUTO_INCREMENT, AUTO_INCREMENT=4;

--
-- AUTO_INCREMENT for table `users`
--
ALTER TABLE `users`
  MODIFY `user_id` int(20) NOT NULL AUTO_INCREMENT, AUTO_INCREMENT=11;

--
-- Constraints for dumped tables
--

--
-- Constraints for table `calls_chats`
--
ALTER TABLE `calls_chats`
  ADD CONSTRAINT `calls_chats_chats` FOREIGN KEY (`chat_id`) REFERENCES `chats` (`chat_id`),
  ADD CONSTRAINT `calls_chats_users` FOREIGN KEY (`user_id`) REFERENCES `users` (`user_id`);

--
-- Constraints for table `calls_groups`
--
ALTER TABLE `calls_groups`
  ADD CONSTRAINT `calls_groups_groups` FOREIGN KEY (`group_id`) REFERENCES `groups` (`group_id`),
  ADD CONSTRAINT `calls_groups_users` FOREIGN KEY (`user_id`) REFERENCES `users` (`user_id`);

--
-- Constraints for table `channels`
--
ALTER TABLE `channels`
  ADD CONSTRAINT `channels_users` FOREIGN KEY (`user_id`) REFERENCES `users` (`user_id`);

--
-- Constraints for table `channel_media`
--
ALTER TABLE `channel_media`
  ADD CONSTRAINT `channel_media_channels` FOREIGN KEY (`channel_id`) REFERENCES `channels` (`channel_id`),
  ADD CONSTRAINT `channel_media_media_types` FOREIGN KEY (`media_type`) REFERENCES `media_types` (`media_type_id`),
  ADD CONSTRAINT `channel_media_users` FOREIGN KEY (`user_id`) REFERENCES `users` (`user_id`);

--
-- Constraints for table `channel_members`
--
ALTER TABLE `channel_members`
  ADD CONSTRAINT `channel_members_channels` FOREIGN KEY (`channel_id`) REFERENCES `channels` (`channel_id`),
  ADD CONSTRAINT `channel_members_member_types` FOREIGN KEY (`member_type`) REFERENCES `member_types` (`member_type_id`),
  ADD CONSTRAINT `channel_members_users` FOREIGN KEY (`user_id`) REFERENCES `users` (`user_id`);

--
-- Constraints for table `chats`
--
ALTER TABLE `chats`
  ADD CONSTRAINT `chats_users_1` FOREIGN KEY (`user_id1`) REFERENCES `users` (`user_id`),
  ADD CONSTRAINT `chats_users_2` FOREIGN KEY (`user_id2`) REFERENCES `users` (`user_id`);

--
-- Constraints for table `chat_media`
--
ALTER TABLE `chat_media`
  ADD CONSTRAINT `chat_media_chats` FOREIGN KEY (`chat_id`) REFERENCES `chats` (`chat_id`),
  ADD CONSTRAINT `chat_media_media_types` FOREIGN KEY (`media_type`) REFERENCES `media_types` (`media_type_id`),
  ADD CONSTRAINT `chat_media_users` FOREIGN KEY (`user_id`) REFERENCES `users` (`user_id`);

--
-- Constraints for table `groups`
--
ALTER TABLE `groups`
  ADD CONSTRAINT `groups_users` FOREIGN KEY (`user_id`) REFERENCES `users` (`user_id`);

--
-- Constraints for table `group_media`
--
ALTER TABLE `group_media`
  ADD CONSTRAINT `group_media_groups` FOREIGN KEY (`group_id`) REFERENCES `groups` (`group_id`),
  ADD CONSTRAINT `group_media_media_types` FOREIGN KEY (`media_type`) REFERENCES `media_types` (`media_type_id`),
  ADD CONSTRAINT `group_media_users` FOREIGN KEY (`user_id`) REFERENCES `users` (`user_id`);

--
-- Constraints for table `group_members`
--
ALTER TABLE `group_members`
  ADD CONSTRAINT `group_members_groups` FOREIGN KEY (`group_id`) REFERENCES `groups` (`group_id`),
  ADD CONSTRAINT `group_members_users` FOREIGN KEY (`user_id`) REFERENCES `users` (`user_id`);
COMMIT;

/*!40101 SET CHARACTER_SET_CLIENT=@OLD_CHARACTER_SET_CLIENT */;
/*!40101 SET CHARACTER_SET_RESULTS=@OLD_CHARACTER_SET_RESULTS */;
/*!40101 SET COLLATION_CONNECTION=@OLD_COLLATION_CONNECTION */;
